0,10,10,1,13,3,10,10,1,13,4,1
0,10,10,2,18,3,10,10,2,2,3,1
0,10,10,2,2,3,10,10,2,18,2,1
0,10,10,4,16,2,10,10,4,16,2,1
0,10,10,6,22,1,10,10,6,22,2,1
0,10,10,7,11,1,10,10,7,11,1,1
0,10,10,8,16,1,10,10,8,16,1,1
0,10,10,10,22,-1,10,10,10,18,1,1
0,10,10,10,18,-1,10,10,10,22,2,1
0,10,10,10,30,-3,10,10,10,30,0,1
0,10,10,11,8,0,10,10,11,8,-1,1
0,10,10,12,3,0,10,10,12,3,0,1
0,10,10,14,6,-1,10,10,14,6,0,1
0,10,10,16,8,-1,10,10,16,8,-1,1
0,10,10,17,3,-2,10,10,17,3,-2,1
0,10,10,18,10,-1,10,10,18,10,-1,1
0,10,10,18,18,-1,10,10,18,18,-1,1
0,10,10,20,30,-1,10,10,20,30,-1,1
0,10,10,22,12,-2,10,10,22,12,1,1
0,10,10,25,30,-2,10,10,25,30,-2,1
0,10,10,29.9,30,-3,10,10,29.9,30,-2,1
0,10,10,30,15,-3,10,10,30,15,-2,1
0,10,10,30,25,-2,10,10,30,25,-3,1
0,10,10,31,3,-3,10,10,31,3,-3,1
0,1,13,10,10,-4,1,13,10,10,-4,1
0,1,13,10,10,-4,1,13,10,10,-4,1
0,2,2,10,10,-4,2,18,10,10,-4,1
0,2,18,10,10,-4,2,2,10,10,-4,1
0,4,28,10,10,-4,4,16,10,10,-3,1
0,4,16,10,10,-2,4,28,10,10,-4,1
0,4,12,10,10,-2,4,12,10,10,-4,1
0,6,22,10,10,-3,6,22,10,10,-2,1
0,7,11,10,10,-2,7,13,10,10,-1,1
0,7,13,10,10,-2,7,11,10,10,-2,1
0,7,11,10,10,-1,7,11,10,10,0,1
0,8,16,10,10,-1,8,16,10,10,-2,1
0,10,22,10,10,-2,10,26,10,10,-2,1
0,10,26,10,10,-2,10,30,10,10,-2,1
0,10,30,10,10,-2,10,22,10,10,-3,1
0,10,18,10,10,-2,10,18,10,10,0,1
0,10,18,10,10,-1,10,18,10,10,-3,1
0,11,8,10,10,1,11,8,10,10,1,1
0,11,6,10,10,1,11,6,10,10,3,1
0,11,8,10,10,1,11,8,10,10,2,1
0,12,3,10,10,1,12,3,10,10,3,1
0,12,18,10,10,-2,12,22,10,10,-1,1
0,12,22,10,10,1,12,18,10,10,1,1
0,12,8,10,10,1,12,8,10,10,1,1
0,14,26,10,10,1,14,26,10,10,1,1
0,14,6,10,10,1,14,6,10,10,1,1
0,15,30,10,10,-2,15,30,10,10,-2,1
0,16,8,10,10,2,16,8,10,10,2,1
0,17,3,10,10,3,17,3,10,10,4,1
0,18,12,10,10,1,18,18,10,10,4,1
0,18,10,10,10,3,18,12,10,10,2,1
0,18,18,10,10,2,18,10,10,10,2,1
0,20,30,10,10,-2,20,30,10,10,-1,1
0,22,10,10,10,2,22,6,10,10,4,1
0,22,6,10,10,3,22,12,10,10,2,1
0,22,12,10,10,2,22,10,10,10,2,1
0,25,30,10,10,3,25,30,10,10,2,1
0,26,10,10,10,2,26,14,10,10,4,1
0,26,14,10,10,3,26,10,10,10,4,1
0,29.9,30,10,10,3,29.9,30,10,10,3,1
0,29.9,30,10,10,4,29.9,30,10,10,4,1
0,30,29.9,10,10,4,30,20,10,10,3,1
0,30,25,10,10,4,30,15,10,10,4,1
0,30,15,10,10,2,30,29.9,10,10,2,1
0,30,10,10,10,3,30,25,10,10,4,1
0,30,20,10,10,3,30,10,10,10,4,1
0,31,3,10,10,4,31,3,10,10,4,1
0,31,3,10,10,4,31,3,10,10,4,1
0,10,10,1,13,0,10,10,1,13,0,2
0,10,10,2,18,0,10,10,2,2,-1,2
0,10,10,2,2,0,10,10,2,18,-1,2
0,10,10,4,16,0,10,10,4,16,-1,2
0,10,10,6,22,0,10,10,6,22,0,2
0,10,10,7,11,-1,10,10,7,11,-1,2
0,10,10,8,16,0,10,10,8,16,-1,2
0,10,10,10,18,0,10,10,10,18,-1,2
0,10,10,10,22,-1,10,10,10,22,-2,2
0,10,10,10,30,0,10,10,10,30,0,2
0,10,10,11,8,-1,10,10,11,8,-1,2
0,10,10,12,3,0,10,10,12,3,0,2
0,10,10,14,6,0,10,10,14,6,-1,2
0,10,10,16,8,-1,10,10,16,8,0,2
0,10,10,17,3,0,10,10,17,3,-1,2
0,10,10,18,18,0,10,10,18,18,0,2
0,10,10,18,10,-1,10,10,18,10,-1,2
0,10,10,20,30,0,10,10,20,30,-1,2
0,10,10,22,12,0,10,10,22,12,-2,2
0,10,10,25,30,0,10,10,25,30,-1,2
0,10,10,29.9,30,-1,10,10,29.9,30,-1,2
0,10,10,30,15,0,10,10,30,15,-1,2
0,10,10,30,25,0,10,10,30,25,-1,2
0,10,10,31,3,0,10,10,31,3,0,2
0,1,13,10,10,-4,1,13,10,10,-4,2
0,1,13,10,10,-4,1,13,10,10,-4,2
0,2,2,10,10,-3,2,2,10,10,-4,2
0,2,18,10,10,-2,2,18,10,10,-4,2
0,4,12,10,10,-4,4,12,10,10,-4,2
0,4,16,10,10,-4,4,16,10,10,-4,2
0,4,28,10,10,-4,4,28,10,10,-4,2
0,6,22,10,10,-4,6,22,10,10,-4,2
0,7,11,10,10,-1,7,13,10,10,-1,2
0,7,11,10,10,-4,7,11,10,10,-4,2
0,7,13,10,10,-1,7,11,10,10,-4,2
0,8,16,10,10,-2,8,16,10,10,-4,2
0,10,26,10,10,-3,10,18,10,10,-4,2
0,10,22,10,10,-2,10,18,10,10,-4,2
0,10,18,10,10,-3,10,30,10,10,-4,2
0,10,18,10,10,-4,10,22,10,10,-4,2
0,10,30,10,10,-4,10,26,10,10,-3,2
0,11,8,10,10,-1,11,8,10,10,0,2
0,11,8,10,10,0,11,6,10,10,0,2
0,11,6,10,10,0,11,8,10,10,-1,2
0,12,3,10,10,0,12,3,10,10,1,2
0,12,22,10,10,-1,12,18,10,10,-4,2
0,12,18,10,10,0,12,8,10,10,1,2
0,12,8,10,10,-1,12,22,10,10,-4,2
0,14,26,10,10,-2,14,26,10,10,-4,2
0,14,6,10,10,0,14,6,10,10,1,2
0,15,30,10,10,-2,15,30,10,10,-3,2
0,16,8,10,10,1,16,8,10,10,1,2
0,17,3,10,10,2,17,3,10,10,1,2
0,18,12,10,10,1,18,18,10,10,0,2
0,18,10,10,10,1,18,12,10,10,1,2
0,18,18,10,10,2,18,10,10,10,1,2
0,20,30,10,10,0,20,30,10,10,-3,2
0,22,10,10,10,3,22,6,10,10,4,2
0,22,12,10,10,1,22,12,10,10,2,2
0,22,6,10,10,3,22,10,10,10,3,2
0,25,30,10,10,0,25,30,10,10,-1,2
0,26,14,10,10,2,26,14,10,10,3,2
0,26,10,10,10,2,26,10,10,10,4,2
0,29.9,30,10,10,2,29.9,30,10,10,-1,2
0,29.9,30,10,10,3,29.9,30,10,10,0,2
0,30,25,10,10,0,30,10,10,10,4,2
0,30,20,10,10,3,30,25,10,10,3,2
0,30,10,10,10,3,30,15,10,10,4,2
0,30,15,10,10,3,30,20,10,10,3,2
0,30,29.9,10,10,4,30,29.9,10,10,3,2
0,31,3,10,10,4,31,3,10,10,4,2
0,31,3,10,10,4,31,3,10,10,4,2
0,10,10,1,13,1,10,10,1,13,1,3
0,10,10,2,18,0,10,10,2,2,4,3
0,10,10,2,2,4,10,10,2,18,1,3
0,10,10,4,16,-2,10,10,4,16,0,3
0,10,10,6,22,-3,10,10,6,22,-2,3
0,10,10,7,11,0,10,10,7,11,4,3
0,10,10,8,16,0,10,10,8,16,0,3
0,10,10,10,18,-4,10,10,10,18,-2,3
0,10,10,10,22,-4,10,10,10,22,-3,3
0,10,10,10,30,-4,10,10,10,30,-4,3
0,10,10,11,8,4,10,10,11,8,2,3
0,10,10,12,3,3,10,10,12,3,3,3
0,10,10,14,6,3,10,10,14,6,3,3
0,10,10,16,8,0,10,10,16,8,0,3
0,10,10,17,3,4,10,10,17,3,3,3
0,10,10,18,18,-4,10,10,18,18,-4,3
0,10,10,18,10,-4,10,10,18,10,-4,3
0,10,10,20,30,-4,10,10,20,30,-4,3
0,10,10,22,12,-4,10,10,22,12,-3,3
0,10,10,25,30,-4,10,10,25,30,-4,3
0,10,10,29.9,30,-4,10,10,29.9,30,-4,3
0,10,10,30,15,-4,10,10,30,15,4,3
0,10,10,30,25,-4,10,10,30,25,-4,3
0,10,10,31,3,2,10,10,31,3,0,3
0,1,13,10,10,0,1,13,10,10,-3,3
0,1,13,10,10,0,1,13,10,10,-1,3
0,2,2,10,10,-4,2,2,10,10,-4,3
0,2,18,10,10,2,2,18,10,10,1,3
0,4,12,10,10,0,4,12,10,10,-2,3
0,4,16,10,10,2,4,16,10,10,0,3
0,4,28,10,10,4,4,28,10,10,2,3
0,6,22,10,10,4,6,22,10,10,1,3
0,7,11,10,10,-4,7,13,10,10,2,3
0,7,11,10,10,0,7,11,10,10,-1,3
0,7,13,10,10,2,7,11,10,10,-1,3
0,8,16,10,10,3,8,16,10,10,4,3
0,10,26,10,10,0,10,18,10,10,4,3
0,10,22,10,10,4,10,18,10,10,4,3
0,10,18,10,10,4,10,30,10,10,4,3
0,10,18,10,10,4,10,22,10,10,4,3
0,10,30,10,10,4,10,26,10,10,4,3
0,11,8,10,10,-4,11,8,10,10,-2,3
0,11,8,10,10,-4,11,6,10,10,-2,3
0,11,6,10,10,-4,11,8,10,10,-2,3
0,12,3,10,10,-4,12,3,10,10,-2,3
0,12,22,10,10,-4,12,18,10,10,4,3
0,12,18,10,10,4,12,8,10,10,0,3
0,12,8,10,10,-2,12,22,10,10,4,3
0,14,26,10,10,0,14,26,10,10,4,3
0,14,6,10,10,-2,14,6,10,10,-2,3
0,15,30,10,10,4,15,30,10,10,4,3
0,16,8,10,10,0,16,8,10,10,1,3
0,17,3,10,10,-2,17,3,10,10,-2,3
0,18,12,10,10,4,18,18,10,10,4,3
0,18,10,10,10,4,18,12,10,10,4,3
0,18,18,10,10,4,18,10,10,10,4,3
0,20,30,10,10,4,20,30,10,10,4,3
0,22,10,10,10,4,22,6,10,10,1,3
0,22,12,10,10,4,22,12,10,10,4,3
0,22,6,10,10,0,22,10,10,10,4,3
0,25,30,10,10,4,25,30,10,10,4,3
0,26,14,10,10,4,26,14,10,10,4,3
0,26,10,10,10,4,26,10,10,10,4,3
0,29.9,30,10,10,4,29.9,30,10,10,4,3
0,29.9,30,10,10,4,29.9,30,10,10,4,3
0,30,25,10,10,4,30,10,10,10,3,3
0,30,20,10,10,0,30,25,10,10,4,3
0,30,10,10,10,4,30,15,10,10,4,3
0,30,15,10,10,4,30,20,10,10,4,3
0,30,29.9,10,10,4,30,29.9,10,10,4,3
0,31,3,10,10,0,31,3,10,10,1,3
0,31,3,10,10,0,31,3,10,10,1,3
0,10,10,1,13,0,10,10,1,13,0,4
0,10,10,2,18,0,10,10,2,2,0,4
0,10,10,2,2,0,10,10,2,18,0,4
0,10,10,4,16,0,10,10,4,16,1,4
0,10,10,6,22,0,10,10,6,22,0,4
0,10,10,7,11,0,10,10,7,11,0,4
0,10,10,8,16,0,10,10,8,16,1,4
0,10,10,10,18,0,10,10,10,18,0,4
0,10,10,10,22,0,10,10,10,22,0,4
0,10,10,10,30,0,10,10,10,30,0,4
0,10,10,11,8,0,10,10,11,8,1,4
0,10,10,12,3,0,10,10,12,3,0,4
0,10,10,14,6,0,10,10,14,6,0,4
0,10,10,16,8,0,10,10,16,8,0,4
0,10,10,17,3,0,10,10,17,3,2,4
0,10,10,18,18,0,10,10,18,18,0,4
0,10,10,18,10,0,10,10,18,10,0,4
0,10,10,20,30,0,10,10,20,30,0,4
0,10,10,22,12,0,10,10,22,12,0,4
0,10,10,25,30,0,10,10,25,30,0,4
0,10,10,29.9,30,0,10,10,29.9,30,0,4
0,10,10,30,15,0,10,10,30,15,1,4
0,10,10,30,25,0,10,10,30,25,-1,4
0,10,10,31,3,1,10,10,31,3,0,4
0,1,13,10,10,-4,1,13,10,10,-4,4
0,1,13,10,10,-4,1,13,10,10,-4,4
0,2,2,10,10,-1,2,2,10,10,0,4
0,2,18,10,10,-4,2,18,10,10,-4,4
0,4,12,10,10,-4,4,12,10,10,-4,4
0,4,16,10,10,-3,4,16,10,10,-4,4
0,4,28,10,10,-3,4,28,10,10,-4,4
0,6,22,10,10,-4,6,22,10,10,-4,4
0,7,11,10,10,-3,7,13,10,10,-2,4
0,7,11,10,10,-1,7,11,10,10,-2,4
0,7,13,10,10,-4,7,11,10,10,-1,4
0,8,16,10,10,-2,8,16,10,10,-4,4
0,10,26,10,10,-3,10,18,10,10,-4,4
0,10,22,10,10,-4,10,18,10,10,-3,4
0,10,18,10,10,-4,10,30,10,10,-2,4
0,10,18,10,10,-2,10,22,10,10,-2,4
0,10,30,10,10,-4,10,26,10,10,-3,4
0,11,8,10,10,2,11,8,10,10,4,4
0,11,8,10,10,2,11,6,10,10,4,4
0,11,6,10,10,3,11,8,10,10,2,4
0,12,3,10,10,2,12,3,10,10,4,4
0,12,22,10,10,-4,12,18,10,10,-3,4
0,12,18,10,10,-2,12,8,10,10,2,4
0,12,8,10,10,3,12,22,10,10,-2,4
0,14,26,10,10,-2,14,26,10,10,-3,4
0,14,6,10,10,2,14,6,10,10,3,4
0,15,30,10,10,-4,15,30,10,10,-3,4
0,16,8,10,10,3,16,8,10,10,3,4
0,17,3,10,10,4,17,3,10,10,3,4
0,18,12,10,10,2,18,18,10,10,3,4
0,18,10,10,10,3,18,12,10,10,2,4
0,18,18,10,10,1,18,10,10,10,3,4
0,20,30,10,10,-2,20,30,10,10,-3,4
0,22,10,10,10,3,22,6,10,10,4,4
0,22,12,10,10,4,22,12,10,10,3,4
0,22,6,10,10,4,22,10,10,10,3,4
0,25,30,10,10,-2,25,30,10,10,-1,4
0,26,14,10,10,3,26,14,10,10,4,4
0,26,10,10,10,3,26,10,10,10,4,4
0,29.9,30,10,10,0,29.9,30,10,10,3,4
0,29.9,30,10,10,0,29.9,30,10,10,-1,4
0,30,25,10,10,2,30,10,10,10,4,4
0,30,20,10,10,4,30,25,10,10,4,4
0,30,10,10,10,-3,30,15,10,10,4,4
0,30,15,10,10,3,30,20,10,10,3,4
0,30,29.9,10,10,1,30,29.9,10,10,2,4
0,31,3,10,10,4,31,3,10,10,4,4
0,31,3,10,10,3,31,3,10,10,4,4
0,10,10,1,13,1,10,10,1,13,2,5
0,10,10,2,18,1,10,10,2,2,3,5
0,10,10,2,2,1,10,10,2,18,1,5
0,10,10,4,16,1,10,10,4,16,1,5
0,10,10,6,22,1,10,10,6,22,1,5
0,10,10,7,11,1,10,10,7,11,1,5
0,10,10,8,16,1,10,10,8,16,1,5
0,10,10,10,18,1,10,10,10,18,1,5
0,10,10,10,22,0,10,10,10,22,1,5
0,10,10,10,30,1,10,10,10,30,0,5
0,10,10,11,8,1,10,10,11,8,0,5
0,10,10,12,3,1,10,10,12,3,1,5
0,10,10,14,6,1,10,10,14,6,1,5
0,10,10,16,8,1,10,10,16,8,1,5
0,10,10,17,3,1,10,10,17,3,1,5
0,10,10,18,18,-2,10,10,18,18,-2,5
0,10,10,18,10,1,10,10,18,10,0,5
0,10,10,20,30,-2,10,10,20,30,1,5
0,10,10,22,12,-1,10,10,22,12,0,5
0,10,10,25,30,-2,10,10,25,30,-2,5
0,10,10,29.9,30,1,10,10,29.9,30,-3,5
0,10,10,30,15,-2,10,10,30,15,-1,5
0,10,10,30,25,-2,10,10,30,25,-1,5
0,10,10,31,3,1,10,10,31,3,1,5
0,1,13,10,10,-2,1,13,10,10,-3,5
0,1,13,10,10,-2,1,13,10,10,-2,5
0,2,2,10,10,-3,2,2,10,10,-3,5
0,2,18,10,10,-2,2,18,10,10,-2,5
0,4,12,10,10,-2,4,12,10,10,-2,5
0,4,16,10,10,-2,4,16,10,10,-2,5
0,4,28,10,10,-2,4,28,10,10,-2,5
0,6,22,10,10,-2,6,22,10,10,-2,5
0,7,11,10,10,-1,7,13,10,10,-2,5
0,7,11,10,10,-1,7,11,10,10,-1,5
0,7,13,10,10,-1,7,11,10,10,-1,5
0,8,16,10,10,-2,8,16,10,10,-2,5
0,10,26,10,10,0,10,18,10,10,-1,5
0,10,22,10,10,0,10,18,10,10,0,5
0,10,18,10,10,0,10,30,10,10,0,5
0,10,18,10,10,0,10,22,10,10,0,5
0,10,30,10,10,-1,10,26,10,10,0,5
0,11,8,10,10,-1,11,8,10,10,-1,5
0,11,8,10,10,0,11,6,10,10,-1,5
0,11,6,10,10,-1,11,8,10,10,0,5
0,12,3,10,10,-2,12,3,10,10,-2,5
0,12,22,10,10,1,12,18,10,10,1,5
0,12,18,10,10,1,12,8,10,10,-1,5
0,12,8,10,10,-1,12,22,10,10,1,5
0,14,26,10,10,1,14,26,10,10,1,5
0,14,6,10,10,-1,14,6,10,10,-1,5
0,15,30,10,10,2,15,30,10,10,1,5
0,16,8,10,10,-1,16,8,10,10,0,5
0,17,3,10,10,-2,17,3,10,10,-2,5
0,18,12,10,10,1,18,18,10,10,4,5
0,18,10,10,10,1,18,12,10,10,1,5
0,18,18,10,10,2,18,10,10,10,1,5
0,20,30,10,10,4,20,30,10,10,2,5
0,22,10,10,10,1,22,6,10,10,-2,5
0,22,12,10,10,2,22,12,10,10,1,5
0,22,6,10,10,-2,22,10,10,10,1,5
0,25,30,10,10,4,25,30,10,10,4,5
0,26,14,10,10,1,26,14,10,10,1,5
0,26,10,10,10,1,26,10,10,10,1,5
0,29.9,30,10,10,4,29.9,30,10,10,4,5
0,29.9,30,10,10,4,29.9,30,10,10,4,5
0,30,25,10,10,4,30,10,10,10,1,5
0,30,20,10,10,2,30,25,10,10,2,5
0,30,10,10,10,1,30,15,10,10,2,5
0,30,15,10,10,2,30,20,10,10,2,5
0,30,29.9,10,10,4,30,29.9,10,10,4,5
0,31,3,10,10,-2,31,3,10,10,0,5
0,31,3,10,10,-1,31,3,10,10,-2,5
0,10,10,1,13,2,10,10,1,13,3,7
0,10,10,2,18,1,10,10,2,2,4,7
0,10,10,2,2,3,10,10,2,18,3,7
0,10,10,4,16,1,10,10,4,16,2,7
0,10,10,6,22,3,10,10,6,22,2,7
0,10,10,7,11,2,10,10,7,11,3,7
0,10,10,8,16,2,10,10,8,16,2,7
0,10,10,10,30,0,10,10,10,22,-3,7
0,10,10,10,18,1,10,10,10,30,0,7
0,10,10,10,22,2,10,10,10,18,1,7
0,10,10,11,8,2,10,10,11,8,1,7
0,10,10,12,3,2,10,10,12,3,2,7
0,10,10,14,6,1,10,10,14,6,2,7
0,10,10,16,8,1,10,10,16,8,1,7
0,10,10,17,3,1,10,10,17,3,1,7
0,10,10,18,10,1,10,10,18,18,-1,7
0,10,10,18,18,1,10,10,18,10,0,7
0,10,10,20,30,1,10,10,20,30,-3,7
0,10,10,22,12,2,10,10,22,12,-3,7
0,10,10,25,30,1,10,10,25,30,-1,7
0,10,10,29.9,30,0,10,10,29.9,30,1,7
0,10,10,30,25,2,10,10,30,15,1,7
0,10,10,30,15,1,10,10,30,25,-1,7
0,10,10,31,3,2,10,10,31,3,1,7
0,1,13,10,10,-4,1,13,10,10,-4,7
0,1,13,10,10,-3,1,13,10,10,-4,7
0,2,2,10,10,-3,2,18,10,10,-4,7
0,2,18,10,10,-3,2,2,10,10,-3,7
0,4,16,10,10,-2,4,28,10,10,-3,7
0,4,12,10,10,-2,4,12,10,10,-3,7
0,4,28,10,10,-3,4,16,10,10,-3,7
0,6,22,10,10,0,6,22,10,10,-1,7
0,7,13,10,10,-1,7,11,10,10,-1,7
0,7,11,10,10,-1,7,13,10,10,-1,7
0,7,11,10,10,-2,7,11,10,10,-1,7
0,8,16,10,10,1,8,16,10,10,-1,7
0,10,30,10,10,1,10,26,10,10,0,7
0,10,26,10,10,2,10,18,10,10,-2,7
0,10,18,10,10,2,10,18,10,10,-2,7
0,10,18,10,10,2,10,22,10,10,-1,7
0,10,22,10,10,1,10,30,10,10,-2,7
0,11,8,10,10,1,11,6,10,10,3,7
0,11,8,10,10,2,11,8,10,10,3,7
0,11,6,10,10,1,11,8,10,10,3,7
0,12,18,10,10,2,12,8,10,10,2,7
0,12,22,10,10,2,12,3,10,10,3,7
0,12,8,10,10,2,12,18,10,10,1,7
0,12,3,10,10,2,12,22,10,10,1,7
0,14,6,10,10,2,14,6,10,10,3,7
0,14,26,10,10,2,14,26,10,10,2,7
0,15,30,10,10,2,15,30,10,10,1,7
0,16,8,10,10,3,16,8,10,10,3,7
0,17,3,10,10,2,17,3,10,10,3,7
0,18,18,10,10,3,18,18,10,10,4,7
0,18,12,10,10,2,18,10,10,10,3,7
0,18,10,10,10,1,18,12,10,10,3,7
0,20,30,10,10,3,20,30,10,10,3,7
0,22,10,10,10,3,22,6,10,10,4,7
0,22,6,10,10,2,22,12,10,10,3,7
0,22,12,10,10,3,22,10,10,10,3,7
0,25,30,10,10,2,25,30,10,10,4,7
0,26,10,10,10,3,26,14,10,10,3,7
0,26,14,10,10,3,26,10,10,10,4,7
0,29.9,30,10,10,4,29.9,30,10,10,3,7
0,29.9,30,10,10,3,29.9,30,10,10,4,7
0,30,20,10,10,3,30,29.9,10,10,4,7
0,30,29.9,10,10,4,30,15,10,10,4,7
0,30,25,10,10,3,30,10,10,10,3,7
0,30,15,10,10,3,30,25,10,10,4,7
0,30,10,10,10,2,30,20,10,10,3,7
0,31,3,10,10,3,31,3,10,10,4,7
0,31,3,10,10,2,31,3,10,10,4,7
0,10,10,1,13,4,10,10,1,13,4,8
0,10,10,2,2,4,10,10,2,2,4,8
0,10,10,2,18,4,10,10,2,18,4,8
0,10,10,4,16,4,10,10,4,16,4,8
0,10,10,6,22,4,10,10,6,22,3,8
0,10,10,7,11,3,10,10,7,11,4,8
0,10,10,8,16,4,10,10,8,16,4,8
0,10,10,10,22,4,10,10,10,18,4,8
0,10,10,10,18,4,10,10,10,30,4,8
0,10,10,10,30,4,10,10,10,22,4,8
0,10,10,11,8,4,10,10,11,8,2,8
0,10,10,12,3,4,10,10,12,3,3,8
0,10,10,14,6,4,10,10,14,6,2,8
0,10,10,16,8,3,10,10,16,8,2,8
0,10,10,17,3,3,10,10,17,3,-2,8
0,10,10,18,18,-4,10,10,18,10,3,8
0,10,10,18,10,-3,10,10,18,18,-4,8
0,10,10,20,30,-4,10,10,20,30,-4,8
0,10,10,22,12,-4,10,10,22,12,-4,8
0,10,10,25,30,-4,10,10,25,30,-2,8
0,10,10,29.9,30,-4,10,10,29.9,30,-4,8
0,10,10,30,15,-2,10,10,30,15,-4,8
0,10,10,30,25,-4,10,10,30,25,-4,8
0,10,10,31,3,-4,10,10,31,3,-4,8
0,1,13,10,10,-4,1,13,10,10,-4,8
0,1,13,10,10,-4,1,13,10,10,-4,8
0,2,2,10,10,-4,2,18,10,10,-4,8
0,2,18,10,10,-4,2,2,10,10,-4,8
0,4,16,10,10,-4,4,16,10,10,-3,8
0,4,12,10,10,-3,4,28,10,10,-4,8
0,4,28,10,10,-4,4,12,10,10,-2,8
0,6,22,10,10,-3,6,22,10,10,-4,8
0,7,11,10,10,-1,7,13,10,10,-3,8
0,7,13,10,10,-1,7,11,10,10,1,8
0,7,11,10,10,3,7,11,10,10,-4,8
0,8,16,10,10,1,8,16,10,10,-4,8
0,10,18,10,10,3,10,30,10,10,-4,8
0,10,26,10,10,-4,10,18,10,10,1,8
0,10,22,10,10,-3,10,18,10,10,-3,8
0,10,18,10,10,-2,10,22,10,10,-4,8
0,10,30,10,10,-4,10,26,10,10,-4,8
0,11,8,10,10,4,11,6,10,10,3,8
0,11,8,10,10,4,11,8,10,10,2,8
0,11,6,10,10,4,11,8,10,10,4,8
0,12,3,10,10,4,12,18,10,10,3,8
0,12,18,10,10,4,12,22,10,10,-4,8
0,12,22,10,10,4,12,8,10,10,4,8
0,12,8,10,10,4,12,3,10,10,4,8
0,14,26,10,10,-4,14,6,10,10,4,8
0,14,6,10,10,4,14,26,10,10,-3,8
0,15,30,10,10,2,15,30,10,10,-4,8
0,16,8,10,10,4,16,8,10,10,4,8
0,17,3,10,10,4,17,3,10,10,4,8
0,18,18,10,10,4,18,12,10,10,4,8
0,18,10,10,10,4,18,18,10,10,4,8
0,18,12,10,10,4,18,10,10,10,4,8
0,20,30,10,10,4,20,30,10,10,-3,8
0,22,6,10,10,4,22,6,10,10,4,8
0,22,12,10,10,4,22,10,10,10,4,8
0,22,10,10,10,4,22,12,10,10,4,8
0,25,30,10,10,4,25,30,10,10,4,8
0,26,10,10,10,4,26,10,10,10,4,8
0,26,14,10,10,4,26,14,10,10,4,8
0,29.9,30,10,10,4,29.9,30,10,10,4,8
0,29.9,30,10,10,4,29.9,30,10,10,4,8
0,30,15,10,10,4,30,15,10,10,4,8
0,30,25,10,10,4,30,10,10,10,4,8
0,30,20,10,10,4,30,25,10,10,4,8
0,30,10,10,10,4,30,20,10,10,4,8
0,30,29.9,10,10,4,30,29.9,10,10,4,8
0,31,3,10,10,4,31,3,10,10,4,8
0,31,3,10,10,4,31,3,10,10,4,8
0,10,10,1,13,4,10,10,1,13,4,9
0,10,10,2,18,3,10,10,2,2,4,9
0,10,10,2,2,4,10,10,2,18,4,9
0,10,10,4,16,4,10,10,4,16,4,9
0,10,10,6,22,4,10,10,6,22,4,9
0,10,10,7,11,4,10,10,7,11,4,9
0,10,10,8,16,3,10,10,8,16,4,9
0,10,10,10,30,3,10,10,10,30,4,9
0,10,10,10,18,2,10,10,10,18,4,9
0,10,10,10,22,3,10,10,10,22,4,9
0,10,10,11,8,4,10,10,11,8,0,9
0,10,10,12,3,3,10,10,12,3,1,9
0,10,10,14,6,3,10,10,14,6,-1,9
0,10,10,16,8,3,10,10,16,8,1,9
0,10,10,17,3,3,10,10,17,3,-1,9
0,10,10,18,10,1,10,10,18,18,-2,9
0,10,10,18,18,3,10,10,18,10,1,9
0,10,10,20,30,-2,10,10,20,30,-1,9
0,10,10,22,12,1,10,10,22,12,-3,9
0,10,10,25,30,-2,10,10,25,30,-2,9
0,10,10,29.9,30,0,10,10,29.9,30,-4,9
0,10,10,30,25,0,10,10,30,25,-4,9
0,10,10,30,15,-1,10,10,30,15,-1,9
0,10,10,31,3,3,10,10,31,3,-2,9
0,1,13,10,10,-4,1,13,10,10,-4,9
0,1,13,10,10,-4,1,13,10,10,-4,9
0,2,18,10,10,-4,2,2,10,10,-4,9
0,2,2,10,10,-3,2,18,10,10,-4,9
0,4,12,10,10,-4,4,16,10,10,-4,9
0,4,28,10,10,-4,4,28,10,10,-4,9
0,4,16,10,10,-4,4,12,10,10,-4,9
0,6,22,10,10,-4,6,22,10,10,-3,9
0,7,11,10,10,-3,7,11,10,10,-1,9
0,7,11,10,10,-3,7,11,10,10,-4,9
0,7,13,10,10,-2,7,13,10,10,-3,9
0,8,16,10,10,-4,8,16,10,10,-3,9
0,10,18,10,10,-4,10,18,10,10,-3,9
0,10,30,10,10,0,10,26,10,10,-2,9
0,10,22,10,10,3,10,22,10,10,2,9
0,10,26,10,10,-2,10,30,10,10,-4,9
0,10,18,10,10,-2,10,18,10,10,0,9
0,11,8,10,10,4,11,8,10,10,4,9
0,11,6,10,10,4,11,6,10,10,4,9
0,11,8,10,10,4,11,8,10,10,4,9
0,12,8,10,10,4,12,22,10,10,0,9
0,12,22,10,10,0,12,18,10,10,2,9
0,12,3,10,10,4,12,3,10,10,4,9
0,12,18,10,10,3,12,8,10,10,4,9
0,14,6,10,10,4,14,6,10,10,4,9
0,14,26,10,10,-3,14,26,10,10,-4,9
0,15,30,10,10,-1,15,30,10,10,2,9
0,16,8,10,10,4,16,8,10,10,4,9
0,17,3,10,10,4,17,3,10,10,4,9
0,18,12,10,10,4,18,18,10,10,4,9
0,18,18,10,10,4,18,10,10,10,4,9
0,18,10,10,10,4,18,12,10,10,4,9
0,20,30,10,10,2,20,30,10,10,-1,9
0,22,12,10,10,4,22,10,10,10,4,9
0,22,10,10,10,4,22,6,10,10,4,9
0,22,6,10,10,4,22,12,10,10,4,9
0,25,30,10,10,4,25,30,10,10,3,9
0,26,14,10,10,4,26,14,10,10,4,9
0,26,10,10,10,4,26,10,10,10,4,9
0,29.9,30,10,10,4,29.9,30,10,10,4,9
0,29.9,30,10,10,4,29.9,30,10,10,4,9
0,30,29.9,10,10,4,30,20,10,10,4,9
0,30,25,10,10,4,30,10,10,10,4,9
0,30,10,10,10,4,30,15,10,10,4,9
0,30,20,10,10,4,30,29.9,10,10,4,9
0,30,15,10,10,4,30,25,10,10,4,9
0,31,3,10,10,4,31,3,10,10,4,9
0,31,3,10,10,4,31,3,10,10,4,9
0,10,10,1,13,4,10,10,1,13,3,10
0,10,10,2,2,4,10,10,2,18,2,10
0,10,10,2,18,2,10,10,2,2,4,10
0,10,10,4,16,4,10,10,4,16,4,10
0,10,10,6,22,-2,10,10,6,22,4,10
0,10,10,7,11,4,10,10,7,11,4,10
0,10,10,8,16,-1,10,10,8,16,2,10
0,10,10,10,22,-4,10,10,10,30,-3,10
0,10,10,10,18,-4,10,10,10,22,-3,10
0,10,10,10,30,-4,10,10,10,18,-2,10
0,10,10,11,8,4,10,10,11,8,3,10
0,10,10,12,3,4,10,10,12,3,4,10
0,10,10,14,6,3,10,10,14,6,3,10
0,10,10,16,8,4,10,10,16,8,-2,10
0,10,10,17,3,4,10,10,17,3,2,10
0,10,10,18,10,-4,10,10,18,10,-2,10
0,10,10,18,18,-4,10,10,18,18,-4,10
0,10,10,20,30,-4,10,10,20,30,-4,10
0,10,10,22,12,-4,10,10,22,12,4,10
0,10,10,25,30,-4,10,10,25,30,-4,10
0,10,10,29.9,30,-4,10,10,29.9,30,-4,10
0,10,10,30,15,-4,10,10,30,15,-4,10
0,10,10,30,25,-4,10,10,30,25,-4,10
0,10,10,31,3,3,10,10,31,3,1,10
0,1,13,10,10,-1,1,13,10,10,-4,10
0,1,13,10,10,-2,1,13,10,10,-2,10
0,2,18,10,10,1,2,2,10,10,-4,10
0,2,2,10,10,-4,2,18,10,10,-2,10
0,4,16,10,10,2,4,12,10,10,-3,10
0,4,12,10,10,-1,4,28,10,10,0,10
0,4,28,10,10,-1,4,16,10,10,-1,10
0,6,22,10,10,2,6,22,10,10,1,10
0,7,11,10,10,-1,7,11,10,10,-3,10
0,7,11,10,10,1,7,13,10,10,-1,10
0,7,13,10,10,2,7,11,10,10,-2,10
0,8,16,10,10,4,8,16,10,10,3,10
0,10,18,10,10,4,10,22,10,10,4,10
0,10,18,10,10,4,10,30,10,10,4,10
0,10,30,10,10,4,10,26,10,10,4,10
0,10,22,10,10,4,10,18,10,10,4,10
0,10,26,10,10,4,10,18,10,10,4,10
0,11,8,10,10,2,11,8,10,10,4,10
0,11,6,10,10,-1,11,6,10,10,-1,10
0,11,8,10,10,-1,11,8,10,10,3,10
0,12,22,10,10,4,12,3,10,10,-1,10
0,12,8,10,10,4,12,8,10,10,4,10
0,12,18,10,10,4,12,18,10,10,4,10
0,12,3,10,10,-2,12,22,10,10,4,10
0,14,6,10,10,1,14,6,10,10,3,10
0,14,26,10,10,4,14,26,10,10,4,10
0,15,30,10,10,0,15,30,10,10,4,10
0,16,8,10,10,3,16,8,10,10,4,10
0,17,3,10,10,-1,17,3,10,10,1,10
0,18,18,10,10,4,18,12,10,10,4,10
0,18,10,10,10,4,18,18,10,10,4,10
0,18,12,10,10,4,18,10,10,10,4,10
0,20,30,10,10,4,20,30,10,10,4,10
0,22,12,10,10,4,22,6,10,10,3,10
0,22,10,10,10,4,22,12,10,10,4,10
0,22,6,10,10,1,22,10,10,10,4,10
0,25,30,10,10,4,25,30,10,10,4,10
0,26,10,10,10,0,26,10,10,10,4,10
0,26,14,10,10,4,26,14,10,10,4,10
0,29.9,30,10,10,4,29.9,30,10,10,4,10
0,29.9,30,10,10,4,29.9,30,10,10,4,10
0,30,10,10,10,4,30,20,10,10,4,10
0,30,29.9,10,10,4,30,10,10,10,4,10
0,30,25,10,10,4,30,25,10,10,4,10
0,30,20,10,10,4,30,29.9,10,10,4,10
0,30,15,10,10,4,30,15,10,10,4,10
0,31,3,10,10,-1,31,3,10,10,2,10
0,31,3,10,10,-1,31,3,10,10,3,10
0,10,10,1,13,2,10,10,1,13,3,11
0,10,10,2,2,4,10,10,2,2,3,11
0,10,10,2,18,3,10,10,2,18,3,11
0,10,10,4,16,3,10,10,4,16,2,11
0,10,10,6,22,3,10,10,6,22,2,11
0,10,10,7,11,3,10,10,7,11,3,11
0,10,10,8,16,2,10,10,8,16,3,11
0,10,10,10,22,0,10,10,10,18,1,11
0,10,10,10,18,0,10,10,10,22,0,11
0,10,10,10,30,0,10,10,10,30,0,11
0,10,10,11,8,3,10,10,11,8,1,11
0,10,10,12,3,3,10,10,12,3,-3,11
0,10,10,14,6,0,10,10,14,6,-2,11
0,10,10,16,8,0,10,10,16,8,2,11
0,10,10,17,3,-1,10,10,17,3,-1,11
0,10,10,18,10,-3,10,10,18,10,-3,11
0,10,10,18,18,-3,10,10,18,18,-3,11
0,10,10,20,30,-4,10,10,20,30,-3,11
0,10,10,22,12,-3,10,10,22,12,-3,11
0,10,10,25,30,-4,10,10,25,30,-3,11
0,10,10,29.9,30,-3,10,10,29.9,30,-4,11
0,10,10,30,25,-3,10,10,30,25,-4,11
0,10,10,30,15,-3,10,10,30,15,-3,11
0,10,10,31,3,-3,10,10,31,3,-3,11
0,1,13,10,10,-4,1,13,10,10,-3,11
0,1,13,10,10,-4,1,13,10,10,-4,11
0,2,18,10,10,-4,2,2,10,10,-4,11
0,2,2,10,10,-4,2,18,10,10,-3,11
0,4,12,10,10,-2,4,28,10,10,-3,11
0,4,28,10,10,-3,4,12,10,10,-3,11
0,4,16,10,10,-3,4,16,10,10,-3,11
0,6,22,10,10,-3,6,22,10,10,-1,11
0,7,13,10,10,-2,7,13,10,10,-3,11
0,7,11,10,10,-3,7,11,10,10,-1,11
0,7,11,10,10,-3,7,11,10,10,-2,11
0,8,16,10,10,-2,8,16,10,10,-1,11
0,10,18,10,10,3,10,18,10,10,0,11
0,10,26,10,10,2,10,30,10,10,0,11
0,10,30,10,10,1,10,18,10,10,0,11
0,10,18,10,10,3,10,22,10,10,0,11
0,10,22,10,10,1,10,26,10,10,0,11
0,11,8,10,10,2,11,8,10,10,1,11
0,11,6,10,10,2,11,6,10,10,3,11
0,11,8,10,10,2,11,8,10,10,0,11
0,12,8,10,10,2,12,3,10,10,3,11
0,12,18,10,10,3,12,22,10,10,-4,11
0,12,22,10,10,3,12,18,10,10,2,11
0,12,3,10,10,3,12,8,10,10,2,11
0,14,6,10,10,3,14,26,10,10,0,11
0,14,26,10,10,2,14,6,10,10,3,11
0,15,30,10,10,3,15,30,10,10,0,11
0,16,8,10,10,3,16,8,10,10,2,11
0,17,3,10,10,1,17,3,10,10,3,11
0,18,18,10,10,4,18,10,10,10,3,11
0,18,12,10,10,4,18,12,10,10,3,11
0,18,10,10,10,3,18,18,10,10,3,11
0,20,30,10,10,2,20,30,10,10,-3,11
0,22,6,10,10,3,22,10,10,10,3,11
0,22,12,10,10,3,22,6,10,10,2,11
0,22,10,10,10,2,22,12,10,10,3,11
0,25,30,10,10,3,25,30,10,10,2,11
0,26,14,10,10,2,26,10,10,10,3,11
0,26,10,10,10,3,26,14,10,10,3,11
0,29.9,30,10,10,4,29.9,30,10,10,4,11
0,29.9,30,10,10,4,29.9,30,10,10,4,11
0,30,29.9,10,10,2,30,15,10,10,4,11
0,30,25,10,10,4,30,29.9,10,10,4,11
0,30,15,10,10,3,30,25,10,10,4,11
0,30,20,10,10,3,30,10,10,10,3,11
0,30,10,10,10,3,30,20,10,10,3,11
0,31,3,10,10,2,31,3,10,10,3,11
0,31,3,10,10,2,31,3,10,10,3,11
0,10,10,1,13,1,10,10,1,13,1,12
0,10,10,2,18,0,10,10,2,2,3,12
0,10,10,2,2,4,10,10,2,18,1,12
0,10,10,4,16,0,10,10,4,16,4,12
0,10,10,6,22,-1,10,10,6,22,3,12
0,10,10,7,11,0,10,10,7,11,0,12
0,10,10,8,16,-1,10,10,8,16,2,12
0,10,10,10,30,-3,10,10,10,22,-3,12
0,10,10,10,18,-1,10,10,10,30,0,12
0,10,10,10,22,-2,10,10,10,18,-1,12
0,10,10,11,8,0,10,10,11,8,-1,12
0,10,10,12,3,-1,10,10,12,3,-1,12
0,10,10,14,6,-1,10,10,14,6,-1,12
0,10,10,16,8,-1,10,10,16,8,-1,12
0,10,10,17,3,-1,10,10,17,3,2,12
0,10,10,18,10,-1,10,10,18,18,-1,12
0,10,10,18,18,-2,10,10,18,10,-2,12
0,10,10,20,30,-3,10,10,20,30,-4,12
0,10,10,22,12,-1,10,10,22,12,-3,12
0,10,10,25,30,-4,10,10,25,30,-1,12
0,10,10,29.9,30,-4,10,10,29.9,30,-2,12
0,10,10,30,25,-4,10,10,30,15,-1,12
0,10,10,30,15,-4,10,10,30,25,-3,12
0,10,10,31,3,0,10,10,31,3,0,12
0,1,13,10,10,-2,1,13,10,10,-2,12
0,1,13,10,10,-1,1,13,10,10,-4,12
0,2,2,10,10,-4,2,18,10,10,-1,12
0,2,18,10,10,-1,2,2,10,10,-1,12
0,4,16,10,10,-1,4,28,10,10,-2,12
0,4,12,10,10,-1,4,12,10,10,-2,12
0,4,28,10,10,-1,4,16,10,10,-2,12
0,6,22,10,10,0,6,22,10,10,-1,12
0,7,13,10,10,-1,7,11,10,10,-1,12
0,7,11,10,10,-1,7,13,10,10,-1,12
0,7,11,10,10,0,7,11,10,10,-2,12
0,8,16,10,10,-1,8,16,10,10,-1,12
0,10,30,10,10,4,10,26,10,10,3,12
0,10,26,10,10,4,10,18,10,10,1,12
0,10,18,10,10,4,10,18,10,10,-2,12
0,10,18,10,10,3,10,22,10,10,1,12
0,10,22,10,10,4,10,30,10,10,0,12
0,11,8,10,10,0,11,6,10,10,1,12
0,11,8,10,10,0,11,8,10,10,1,12
0,11,6,10,10,0,11,8,10,10,0,12
0,12,18,10,10,4,12,8,10,10,2,12
0,12,22,10,10,4,12,3,10,10,2,12
0,12,8,10,10,0,12,18,10,10,1,12
0,12,3,10,10,0,12,22,10,10,1,12
0,14,6,10,10,1,14,6,10,10,2,12
0,14,26,10,10,4,14,26,10,10,2,12
0,15,30,10,10,4,15,30,10,10,2,12
0,16,8,10,10,3,16,8,10,10,2,12
0,17,3,10,10,1,17,3,10,10,2,12
0,18,18,10,10,4,18,18,10,10,4,12
0,18,12,10,10,4,18,10,10,10,1,12
0,18,10,10,10,4,18,12,10,10,2,12
0,20,30,10,10,4,20,30,10,10,4,12
0,22,10,10,10,3,22,6,10,10,4,12
0,22,6,10,10,3,22,12,10,10,3,12
0,22,12,10,10,4,22,10,10,10,2,12
0,25,30,10,10,4,25,30,10,10,4,12
0,26,10,10,10,4,26,14,10,10,3,12
0,26,14,10,10,4,26,10,10,10,4,12
0,29.9,30,10,10,4,29.9,30,10,10,4,12
0,29.9,30,10,10,4,29.9,30,10,10,4,12
0,30,20,10,10,4,30,29.9,10,10,4,12
0,30,29.9,10,10,4,30,15,10,10,4,12
0,30,25,10,10,4,30,10,10,10,4,12
0,30,15,10,10,4,30,25,10,10,4,12
0,30,10,10,10,4,30,20,10,10,4,12
0,31,3,10,10,3,31,3,10,10,4,12
0,31,3,10,10,1,31,3,10,10,4,12
0,10,10,1,13,1,10,10,1,13,1,13
0,10,10,2,18,1,10,10,2,18,0,13
0,10,10,2,2,1,10,10,2,2,0,13
0,10,10,4,16,1,10,10,4,16,0,13
0,10,10,6,22,1,10,10,6,22,1,13
0,10,10,7,11,1,10,10,7,11,1,13
0,10,10,8,16,1,10,10,8,16,0,13
0,10,10,10,22,1,10,10,10,18,0,13
0,10,10,10,18,1,10,10,10,30,1,13
0,10,10,10,30,1,10,10,10,22,1,13
0,10,10,11,8,1,10,10,11,8,1,13
0,10,10,12,3,1,10,10,12,3,0,13
0,10,10,14,6,1,10,10,14,6,0,13
0,10,10,16,8,1,10,10,16,8,1,13
0,10,10,17,3,1,10,10,17,3,0,13
0,10,10,18,10,1,10,10,18,18,0,13
0,10,10,18,18,1,10,10,18,10,1,13
0,10,10,20,30,1,10,10,20,30,1,13
0,10,10,22,12,1,10,10,22,12,0,13
0,10,10,25,30,1,10,10,25,30,1,13
0,10,10,29.9,30,1,10,10,29.9,30,1,13
0,10,10,30,25,0,10,10,30,15,1,13
0,10,10,30,15,1,10,10,30,25,0,13
0,10,10,31,3,1,10,10,31,3,1,13
0,1,13,10,10,-4,1,13,10,10,-4,13
0,1,13,10,10,-4,1,13,10,10,-4,13
0,2,18,10,10,-3,2,2,10,10,-2,13
0,2,2,10,10,-3,2,18,10,10,-3,13
0,4,12,10,10,-2,4,12,10,10,-2,13
0,4,16,10,10,-2,4,28,10,10,-3,13
0,4,28,10,10,-3,4,16,10,10,-3,13
0,6,22,10,10,-2,6,22,10,10,-3,13
0,7,13,10,10,-1,7,11,10,10,-1,13
0,7,11,10,10,-1,7,11,10,10,-1,13
0,7,11,10,10,-1,7,13,10,10,-2,13
0,8,16,10,10,-1,8,16,10,10,-2,13
0,10,22,10,10,0,10,18,10,10,-1,13
0,10,18,10,10,0,10,30,10,10,-2,13
0,10,26,10,10,0,10,18,10,10,0,13
0,10,18,10,10,1,10,22,10,10,0,13
0,10,30,10,10,0,10,26,10,10,1,13
0,11,8,10,10,1,11,6,10,10,1,13
0,11,8,10,10,1,11,8,10,10,1,13
0,11,6,10,10,1,11,8,10,10,1,13
0,12,18,10,10,0,12,22,10,10,-3,13
0,12,22,10,10,0,12,8,10,10,1,13
0,12,3,10,10,1,12,18,10,10,1,13
0,12,8,10,10,1,12,3,10,10,1,13
0,14,6,10,10,1,14,26,10,10,-1,13
0,14,26,10,10,1,14,6,10,10,1,13
0,15,30,10,10,1,15,30,10,10,-3,13
0,16,8,10,10,1,16,8,10,10,1,13
0,17,3,10,10,2,17,3,10,10,2,13
0,18,10,10,10,1,18,10,10,10,1,13
0,18,12,10,10,2,18,12,10,10,1,13
0,18,18,10,10,2,18,18,10,10,1,13
0,20,30,10,10,2,20,30,10,10,-1,13
0,22,6,10,10,2,22,12,10,10,2,13
0,22,10,10,10,2,22,6,10,10,2,13
0,22,12,10,10,2,22,10,10,10,2,13
0,25,30,10,10,2,25,30,10,10,1,13
0,26,10,10,10,2,26,10,10,10,3,13
0,26,14,10,10,2,26,14,10,10,2,13
0,29.9,30,10,10,4,29.9,30,10,10,1,13
0,29.9,30,10,10,3,29.9,30,10,10,3,13
0,30,25,10,10,4,30,20,10,10,2,13
0,30,10,10,10,3,30,29.9,10,10,3,13
0,30,20,10,10,3,30,15,10,10,3,13
0,30,29.9,10,10,4,30,10,10,10,3,13
0,30,15,10,10,4,30,25,10,10,3,13
0,31,3,10,10,3,31,3,10,10,3,13
0,31,3,10,10,4,31,3,10,10,4,13
0,10,10,1,13,4,10,10,1,13,4,14
0,10,10,2,2,4,10,10,2,2,4,14
0,10,10,2,18,3,10,10,2,18,4,14
0,10,10,4,16,4,10,10,4,16,4,14
0,10,10,6,22,4,10,10,6,22,4,14
0,10,10,7,11,4,10,10,7,11,4,14
0,10,10,8,16,3,10,10,8,16,4,14
0,10,10,10,30,2,10,10,10,18,4,14
0,10,10,10,18,4,10,10,10,30,4,14
0,10,10,10,22,4,10,10,10,22,4,14
0,10,10,11,8,2,10,10,11,8,3,14
0,10,10,12,3,4,10,10,12,3,2,14
0,10,10,14,6,1,10,10,14,6,4,14
0,10,10,16,8,1,10,10,16,8,0,14
0,10,10,17,3,3,10,10,17,3,0,14
0,10,10,18,18,0,10,10,18,18,-1,14
0,10,10,18,10,1,10,10,18,10,0,14
0,10,10,20,30,2,10,10,20,30,-3,14
0,10,10,22,12,0,10,10,22,12,-1,14
0,10,10,25,30,2,10,10,25,30,0,14
0,10,10,29.9,30,1,10,10,29.9,30,-1,14
0,10,10,30,25,-2,10,10,30,25,1,14
0,10,10,30,15,1,10,10,30,15,-4,14
0,10,10,31,3,0,10,10,31,3,4,14
0,1,13,10,10,-3,1,13,10,10,-3,14
0,1,13,10,10,-2,1,13,10,10,-3,14
0,2,18,10,10,-3,2,18,10,10,-3,14
0,2,2,10,10,-3,2,2,10,10,-1,14
0,4,28,10,10,-3,4,28,10,10,-3,14
0,4,16,10,10,-3,4,12,10,10,-2,14
0,4,12,10,10,1,4,16,10,10,-3,14
0,6,22,10,10,-3,6,22,10,10,1,14
0,7,13,10,10,-1,7,11,10,10,1,14
0,7,11,10,10,-1,7,11,10,10,0,14
0,7,11,10,10,1,7,13,10,10,0,14
0,8,16,10,10,3,8,16,10,10,2,14
0,10,18,10,10,0,10,18,10,10,4,14
0,10,30,10,10,4,10,22,10,10,4,14
0,10,18,10,10,4,10,30,10,10,4,14
0,10,22,10,10,4,10,18,10,10,4,14
0,10,26,10,10,4,10,26,10,10,4,14
0,11,8,10,10,1,11,8,10,10,4,14
0,11,8,10,10,4,11,6,10,10,4,14
0,11,6,10,10,4,11,8,10,10,4,14
0,12,22,10,10,4,12,22,10,10,4,14
0,12,8,10,10,4,12,18,10,10,4,14
0,12,3,10,10,3,12,8,10,10,4,14
0,12,18,10,10,4,12,3,10,10,4,14
0,14,6,10,10,3,14,26,10,10,4,14
0,14,26,10,10,4,14,6,10,10,4,14
0,15,30,10,10,4,15,30,10,10,4,14
0,16,8,10,10,4,16,8,10,10,4,14
0,17,3,10,10,2,17,3,10,10,4,14
0,18,18,10,10,4,18,12,10,10,4,14
0,18,10,10,10,4,18,10,10,10,4,14
0,18,12,10,10,4,18,18,10,10,4,14
0,20,30,10,10,4,20,30,10,10,4,14
0,22,6,10,10,3,22,6,10,10,4,14
0,22,10,10,10,3,22,10,10,10,4,14
0,22,12,10,10,4,22,12,10,10,4,14
0,25,30,10,10,4,25,30,10,10,4,14
0,26,14,10,10,3,26,10,10,10,4,14
0,26,10,10,10,4,26,14,10,10,4,14
0,29.9,30,10,10,4,29.9,30,10,10,4,14
0,29.9,30,10,10,4,29.9,30,10,10,4,14
0,30,25,10,10,3,30,20,10,10,4,14
0,30,10,10,10,4,30,25,10,10,4,14
0,30,20,10,10,4,30,10,10,10,4,14
0,30,29.9,10,10,4,30,29.9,10,10,4,14
0,30,15,10,10,4,30,15,10,10,4,14
0,31,3,10,10,4,31,3,10,10,4,14
0,31,3,10,10,2,31,3,10,10,4,14
0,10,10,1,13,3,10,10,1,13,3,15
0,10,10,2,2,4,10,10,2,2,4,15
0,10,10,2,18,2,10,10,2,18,4,15
0,10,10,4,16,3,10,10,4,16,3,15
0,10,10,6,22,2,10,10,6,22,3,15
0,10,10,7,11,1,10,10,7,11,4,15
0,10,10,8,16,3,10,10,8,16,4,15
0,10,10,10,18,2,10,10,10,22,2,15
0,10,10,10,30,0,10,10,10,18,0,15
0,10,10,10,22,1,10,10,10,30,2,15
0,10,10,11,8,-2,10,10,11,8,-1,15
0,10,10,12,3,0,10,10,12,3,-1,15
0,10,10,14,6,-2,10,10,14,6,0,15
0,10,10,16,8,-1,10,10,16,8,-2,15
0,10,10,17,3,-1,10,10,17,3,2,15
0,10,10,18,10,-1,10,10,18,18,1,15
0,10,10,18,18,-3,10,10,18,10,-1,15
0,10,10,20,30,-1,10,10,20,30,1,15
0,10,10,22,12,-2,10,10,22,12,-4,15
0,10,10,25,30,-3,10,10,25,30,1,15
0,10,10,29.9,30,-1,10,10,29.9,30,-4,15
0,10,10,30,15,1,10,10,30,15,-1,15
0,10,10,30,25,-3,10,10,30,25,-2,15
0,10,10,31,3,-1,10,10,31,3,-4,15
0,1,13,10,10,-3,1,13,10,10,-4,15
0,1,13,10,10,-4,1,13,10,10,-4,15
0,2,18,10,10,-3,2,2,10,10,-4,15
0,2,2,10,10,-4,2,18,10,10,-4,15
0,4,16,10,10,-3,4,16,10,10,-2,15
0,4,28,10,10,-3,4,12,10,10,-4,15
0,4,12,10,10,-3,4,28,10,10,-4,15
0,6,22,10,10,-4,6,22,10,10,-3,15
0,7,13,10,10,-2,7,11,10,10,-2,15
0,7,11,10,10,-3,7,13,10,10,-4,15
0,7,11,10,10,-2,7,11,10,10,-3,15
0,8,16,10,10,-2,8,16,10,10,-2,15
0,10,30,10,10,-2,10,18,10,10,-2,15
0,10,18,10,10,0,10,26,10,10,-4,15
0,10,18,10,10,0,10,22,10,10,-3,15
0,10,22,10,10,-3,10,18,10,10,-3,15
0,10,26,10,10,-1,10,30,10,10,-4,15
0,11,6,10,10,1,11,8,10,10,2,15
0,11,8,10,10,1,11,8,10,10,2,15
0,11,8,10,10,1,11,6,10,10,1,15
0,12,18,10,10,1,12,3,10,10,2,15
0,12,22,10,10,-2,12,18,10,10,-1,15
0,12,8,10,10,2,12,22,10,10,1,15
0,12,3,10,10,2,12,8,10,10,4,15
0,14,6,10,10,0,14,26,10,10,1,15
0,14,26,10,10,1,14,6,10,10,3,15
0,15,30,10,10,-3,15,30,10,10,-1,15
0,16,8,10,10,3,16,8,10,10,4,15
0,17,3,10,10,3,17,3,10,10,4,15
0,18,12,10,10,3,18,18,10,10,3,15
0,18,18,10,10,2,18,10,10,10,4,15
0,18,10,10,10,2,18,12,10,10,2,15
0,20,30,10,10,1,20,30,10,10,-3,15
0,22,6,10,10,1,22,6,10,10,4,15
0,22,10,10,10,2,22,12,10,10,4,15
0,22,12,10,10,3,22,10,10,10,3,15
0,25,30,10,10,2,25,30,10,10,1,15
0,26,10,10,10,4,26,10,10,10,4,15
0,26,14,10,10,3,26,14,10,10,4,15
0,29.9,30,10,10,3,29.9,30,10,10,3,15
0,29.9,30,10,10,2,29.9,30,10,10,1,15
0,30,15,10,10,2,30,15,10,10,4,15
0,30,10,10,10,3,30,25,10,10,4,15
0,30,25,10,10,4,30,20,10,10,4,15
0,30,20,10,10,4,30,10,10,10,4,15
0,30,29.9,10,10,4,30,29.9,10,10,4,15
0,31,3,10,10,4,31,3,10,10,4,15
0,31,3,10,10,3,31,3,10,10,4,15
0,10,10,1,13,4,10,10,1,13,4,16
0,10,10,2,2,1,10,10,2,2,0,16
0,10,10,2,18,2,10,10,2,18,4,16
0,10,10,4,16,4,10,10,4,16,4,16
0,10,10,6,22,1,10,10,6,22,0,16
0,10,10,7,11,4,10,10,7,11,4,16
0,10,10,8,16,-4,10,10,8,16,4,16
0,10,10,10,22,-4,10,10,10,18,0,16
0,10,10,10,18,-4,10,10,10,30,-2,16
0,10,10,10,30,-4,10,10,10,22,-4,16
0,10,10,11,8,4,10,10,11,8,1,16
0,10,10,12,3,4,10,10,12,3,0,16
0,10,10,14,6,3,10,10,14,6,-2,16
0,10,10,16,8,3,10,10,16,8,1,16
0,10,10,17,3,2,10,10,17,3,-1,16
0,10,10,18,18,-4,10,10,18,10,-4,16
0,10,10,18,10,-4,10,10,18,18,-4,16
0,10,10,20,30,-4,10,10,20,30,-4,16
0,10,10,22,12,-4,10,10,22,12,0,16
0,10,10,25,30,-4,10,10,25,30,-4,16
0,10,10,29.9,30,-4,10,10,29.9,30,-4,16
0,10,10,30,15,-4,10,10,30,15,-4,16
0,10,10,30,25,-4,10,10,30,25,-2,16
0,10,10,31,3,-1,10,10,31,3,-4,16
0,1,13,10,10,-4,1,13,10,10,-4,16
0,1,13,10,10,-4,1,13,10,10,-4,16
0,2,2,10,10,-4,2,18,10,10,-4,16
0,2,18,10,10,-1,2,2,10,10,-4,16
0,4,16,10,10,-1,4,16,10,10,-4,16
0,4,12,10,10,-3,4,28,10,10,-2,16
0,4,28,10,10,0,4,12,10,10,-2,16
0,6,22,10,10,2,6,22,10,10,-4,16
0,7,11,10,10,-1,7,13,10,10,-4,16
0,7,13,10,10,-1,7,11,10,10,-4,16
0,7,11,10,10,-1,7,11,10,10,-2,16
0,8,16,10,10,2,8,16,10,10,-4,16
0,10,18,10,10,3,10,30,10,10,4,16
0,10,26,10,10,4,10,18,10,10,-2,16
0,10,22,10,10,4,10,18,10,10,1,16
0,10,18,10,10,4,10,22,10,10,-2,16
0,10,30,10,10,4,10,26,10,10,4,16
0,11,8,10,10,-1,11,6,10,10,-1,16
0,11,8,10,10,0,11,8,10,10,-2,16
0,11,6,10,10,0,11,8,10,10,4,16
0,12,3,10,10,-1,12,18,10,10,4,16
0,12,18,10,10,4,12,22,10,10,0,16
0,12,22,10,10,4,12,8,10,10,4,16
0,12,8,10,10,-1,12,3,10,10,4,16
0,14,26,10,10,4,14,6,10,10,4,16
0,14,6,10,10,-1,14,26,10,10,3,16
0,15,30,10,10,4,15,30,10,10,4,16
0,16,8,10,10,0,16,8,10,10,4,16
0,17,3,10,10,-2,17,3,10,10,0,16
0,18,18,10,10,4,18,12,10,10,4,16
0,18,10,10,10,4,18,18,10,10,3,16
0,18,12,10,10,4,18,10,10,10,4,16
0,20,30,10,10,4,20,30,10,10,4,16
0,22,6,10,10,1,22,6,10,10,4,16
0,22,12,10,10,4,22,10,10,10,4,16
0,22,10,10,10,4,22,12,10,10,4,16
0,25,30,10,10,4,25,30,10,10,4,16
0,26,10,10,10,4,26,10,10,10,4,16
0,26,14,10,10,4,26,14,10,10,4,16
0,29.9,30,10,10,4,29.9,30,10,10,4,16
0,29.9,30,10,10,4,29.9,30,10,10,4,16
0,30,15,10,10,0,30,15,10,10,4,16
0,30,25,10,10,0,30,10,10,10,4,16
0,30,20,10,10,4,30,25,10,10,4,16
0,30,10,10,10,4,30,20,10,10,4,16
0,30,29.9,10,10,4,30,29.9,10,10,4,16
0,31,3,10,10,-1,31,3,10,10,4,16
0,31,3,10,10,-1,31,3,10,10,4,16
0,10,10,1,13,1,10,10,1,13,1,17
0,10,10,2,18,0,10,10,2,18,-1,17
0,10,10,2,2,-4,10,10,2,2,0,17
0,10,10,4,16,1,10,10,4,16,1,17
0,10,10,6,22,0,10,10,6,22,0,17
0,10,10,7,11,1,10,10,7,11,1,17
0,10,10,8,16,0,10,10,8,16,1,17
0,10,10,10,18,-1,10,10,10,18,0,17
0,10,10,10,22,-1,10,10,10,30,0,17
0,10,10,10,30,-1,10,10,10,22,-2,17
0,10,10,11,8,-1,10,10,11,8,-1,17
0,10,10,12,3,0,10,10,12,3,-1,17
0,10,10,14,6,0,10,10,14,6,0,17
0,10,10,16,8,-1,10,10,16,8,0,17
0,10,10,17,3,-1,10,10,17,3,-2,17
0,10,10,18,10,-1,10,10,18,10,-1,17
0,10,10,18,18,-2,10,10,18,18,-1,17
0,10,10,20,30,-1,10,10,20,30,1,17
0,10,10,22,12,-1,10,10,22,12,0,17
0,10,10,25,30,-3,10,10,25,30,-3,17
0,10,10,29.9,30,-2,10,10,29.9,30,-3,17
0,10,10,30,15,-2,10,10,30,25,-1,17
0,10,10,30,25,-3,10,10,30,15,-1,17
0,10,10,31,3,-2,10,10,31,3,0,17
0,1,13,10,10,-3,1,13,10,10,0,17
0,1,13,10,10,-3,1,13,10,10,1,17
0,2,18,10,10,-2,2,2,10,10,0,17
0,2,2,10,10,-4,2,18,10,10,-2,17
0,4,16,10,10,-1,4,28,10,10,0,17
0,4,12,10,10,-1,4,16,10,10,0,17
0,4,28,10,10,-2,4,12,10,10,-2,17
0,6,22,10,10,-2,6,22,10,10,-2,17
0,7,11,10,10,-1,7,13,10,10,0,17
0,7,11,10,10,-1,7,11,10,10,-1,17
0,7,13,10,10,-1,7,11,10,10,-2,17
0,8,16,10,10,-1,8,16,10,10,0,17
0,10,26,10,10,-1,10,18,10,10,-1,17
0,10,30,10,10,-1,10,22,10,10,-1,17
0,10,18,10,10,1,10,26,10,10,-1,17
0,10,18,10,10,0,10,30,10,10,-1,17
0,10,22,10,10,-1,10,18,10,10,-2,17
0,11,8,10,10,0,11,6,10,10,1,17
0,11,8,10,10,1,11,8,10,10,1,17
0,11,6,10,10,0,11,8,10,10,0,17
0,12,22,10,10,1,12,22,10,10,0,17
0,12,18,10,10,1,12,18,10,10,0,17
0,12,8,10,10,1,12,3,10,10,1,17
0,12,3,10,10,0,12,8,10,10,1,17
0,14,6,10,10,1,14,6,10,10,-1,17
0,14,26,10,10,0,14,26,10,10,1,17
0,15,30,10,10,1,15,30,10,10,-1,17
0,16,8,10,10,0,16,8,10,10,1,17
0,17,3,10,10,1,17,3,10,10,3,17
0,18,18,10,10,2,18,18,10,10,3,17
0,18,12,10,10,1,18,10,10,10,1,17
0,18,10,10,10,1,18,12,10,10,2,17
0,20,30,10,10,1,20,30,10,10,0,17
0,22,12,10,10,1,22,12,10,10,0,17
0,22,10,10,10,1,22,6,10,10,3,17
0,22,6,10,10,1,22,10,10,10,1,17
0,25,30,10,10,3,25,30,10,10,-1,17
0,26,10,10,10,2,26,10,10,10,0,17
0,26,14,10,10,1,26,14,10,10,2,17
0,29.9,30,10,10,3,29.9,30,10,10,3,17
0,29.9,30,10,10,3,29.9,30,10,10,3,17
0,30,20,10,10,2,30,10,10,10,1,17
0,30,29.9,10,10,3,30,25,10,10,0,17
0,30,15,10,10,2,30,29.9,10,10,3,17
0,30,10,10,10,1,30,20,10,10,3,17
0,30,25,10,10,2,30,15,10,10,3,17
0,31,3,10,10,2,31,3,10,10,2,17
0,31,3,10,10,1,31,3,10,10,3,17
0,10,10,1,13,2,10,10,1,13,3,18
0,10,10,2,2,4,10,10,2,2,4,18
0,10,10,2,18,1,10,10,2,18,4,18
0,10,10,4,16,-1,10,10,4,16,2,18
0,10,10,6,22,-1,10,10,6,22,-2,18
0,10,10,7,11,4,10,10,7,11,2,18
0,10,10,8,16,0,10,10,8,16,2,18
0,10,10,10,30,-3,10,10,10,18,0,18
0,10,10,10,22,-2,10,10,10,22,-3,18
0,10,10,10,18,-2,10,10,10,30,-2,18
0,10,10,11,8,0,10,10,11,8,1,18
0,10,10,12,3,-2,10,10,12,3,0,18
0,10,10,14,6,-1,10,10,14,6,-1,18
0,10,10,16,8,-2,10,10,16,8,2,18
0,10,10,17,3,0,10,10,17,3,-1,18
0,10,10,18,10,-1,10,10,18,18,-2,18
0,10,10,18,18,-4,10,10,18,10,-2,18
0,10,10,20,30,-3,10,10,20,30,-2,18
0,10,10,22,12,-2,10,10,22,12,-2,18
0,10,10,25,30,-3,10,10,25,30,-3,18
0,10,10,29.9,30,-4,10,10,29.9,30,-3,18
0,10,10,30,15,-2,10,10,30,25,-3,18
0,10,10,30,25,-2,10,10,30,15,-2,18
0,10,10,31,3,-2,10,10,31,3,-2,18
0,1,13,10,10,-3,1,13,10,10,-2,18
0,1,13,10,10,-3,1,13,10,10,-4,18
0,2,18,10,10,-2,2,18,10,10,-2,18
0,2,2,10,10,-3,2,2,10,10,-3,18
0,4,16,10,10,-1,4,16,10,10,-2,18
0,4,28,10,10,-3,4,28,10,10,-3,18
0,4,12,10,10,-2,4,12,10,10,-2,18
0,6,22,10,10,-1,6,22,10,10,-2,18
0,7,13,10,10,-2,7,11,10,10,-2,18
0,7,11,10,10,-2,7,11,10,10,-3,18
0,7,11,10,10,-2,7,13,10,10,-3,18
0,8,16,10,10,-1,8,16,10,10,1,18
0,10,18,10,10,3,10,30,10,10,4,18
0,10,30,10,10,1,10,22,10,10,2,18
0,10,18,10,10,3,10,26,10,10,2,18
0,10,22,10,10,2,10,18,10,10,3,18
0,10,26,10,10,3,10,18,10,10,3,18
0,11,6,10,10,3,11,8,10,10,3,18
0,11,8,10,10,2,11,8,10,10,2,18
0,11,8,10,10,3,11,6,10,10,3,18
0,12,3,10,10,2,12,22,10,10,2,18
0,12,18,10,10,2,12,18,10,10,3,18
0,12,8,10,10,1,12,8,10,10,2,18
0,12,22,10,10,3,12,3,10,10,3,18
0,14,6,10,10,1,14,6,10,10,4,18
0,14,26,10,10,4,14,26,10,10,4,18
0,15,30,10,10,3,15,30,10,10,3,18
0,16,8,10,10,2,16,8,10,10,2,18
0,17,3,10,10,3,17,3,10,10,3,18
0,18,18,10,10,3,18,10,10,10,4,18
0,18,12,10,10,4,18,18,10,10,4,18
0,18,10,10,10,2,18,12,10,10,3,18
0,20,30,10,10,3,20,30,10,10,3,18
0,22,6,10,10,2,22,12,10,10,3,18
0,22,10,10,10,3,22,10,10,10,3,18
0,22,12,10,10,2,22,6,10,10,3,18
0,25,30,10,10,4,25,30,10,10,3,18
0,26,14,10,10,3,26,10,10,10,4,18
0,26,10,10,10,4,26,14,10,10,4,18
0,29.9,30,10,10,1,29.9,30,10,10,4,18
0,29.9,30,10,10,4,29.9,30,10,10,4,18
0,30,10,10,10,3,30,15,10,10,4,18
0,30,25,10,10,3,30,29.9,10,10,4,18
0,30,15,10,10,4,30,20,10,10,4,18
0,30,29.9,10,10,3,30,25,10,10,3,18
0,30,20,10,10,4,30,10,10,10,4,18
0,31,3,10,10,4,31,3,10,10,3,18
0,31,3,10,10,3,31,3,10,10,3,18
0,10,10,1,13,2,10,10,1,13,1,19
0,10,10,2,18,1,10,10,2,2,3,19
0,10,10,2,2,4,10,10,2,18,1,19
0,10,10,4,16,0,10,10,4,16,1,19
0,10,10,6,22,0,10,10,6,22,-1,19
0,10,10,7,11,2,10,10,7,11,2,19
0,10,10,8,16,0,10,10,8,16,3,19
0,10,10,10,30,-3,10,10,10,22,1,19
0,10,10,10,18,-2,10,10,10,30,0,19
0,10,10,10,22,-3,10,10,10,18,-3,19
0,10,10,11,8,2,10,10,11,8,2,19
0,10,10,12,3,1,10,10,12,3,1,19
0,10,10,14,6,1,10,10,14,6,2,19
0,10,10,16,8,1,10,10,16,8,2,19
0,10,10,17,3,1,10,10,17,3,-1,19
0,10,10,18,10,-2,10,10,18,18,-4,19
0,10,10,18,18,-2,10,10,18,10,1,19
0,10,10,20,30,-3,10,10,20,30,-3,19
0,10,10,22,12,-1,10,10,22,12,-3,19
0,10,10,25,30,-3,10,10,25,30,-4,19
0,10,10,29.9,30,-4,10,10,29.9,30,-4,19
0,10,10,30,25,-3,10,10,30,15,-3,19
0,10,10,30,15,0,10,10,30,25,-4,19
0,10,10,31,3,-1,10,10,31,3,-1,19
0,1,13,10,10,0,1,13,10,10,0,19
0,1,13,10,10,0,1,13,10,10,0,19
0,2,2,10,10,-4,2,18,10,10,0,19
0,2,18,10,10,0,2,2,10,10,-4,19
0,4,16,10,10,0,4,28,10,10,1,19
0,4,12,10,10,1,4,12,10,10,0,19
0,4,28,10,10,0,4,16,10,10,1,19
0,6,22,10,10,2,6,22,10,10,2,19
0,7,13,10,10,2,7,11,10,10,1,19
0,7,11,10,10,2,7,13,10,10,0,19
0,7,11,10,10,1,7,11,10,10,2,19
0,8,16,10,10,2,8,16,10,10,0,19
0,10,30,10,10,3,10,26,10,10,2,19
0,10,26,10,10,3,10,18,10,10,0,19
0,10,18,10,10,3,10,18,10,10,2,19
0,10,18,10,10,2,10,22,10,10,2,19
0,10,22,10,10,2,10,30,10,10,3,19
0,11,8,10,10,1,11,6,10,10,3,19
0,11,8,10,10,1,11,8,10,10,2,19
0,11,6,10,10,0,11,8,10,10,3,19
0,12,18,10,10,2,12,8,10,10,2,19
0,12,22,10,10,2,12,3,10,10,1,19
0,12,8,10,10,2,12,18,10,10,0,19
0,12,3,10,10,0,12,22,10,10,4,19
0,14,6,10,10,2,14,6,10,10,3,19
0,14,26,10,10,2,14,26,10,10,3,19
0,15,30,10,10,3,15,30,10,10,2,19
0,16,8,10,10,2,16,8,10,10,3,19
0,17,3,10,10,1,17,3,10,10,2,19
0,18,18,10,10,3,18,18,10,10,3,19
0,18,12,10,10,3,18,10,10,10,2,19
0,18,10,10,10,2,18,12,10,10,3,19
0,20,30,10,10,3,20,30,10,10,3,19
0,22,10,10,10,2,22,6,10,10,3,19
0,22,6,10,10,2,22,12,10,10,3,19
0,22,12,10,10,2,22,10,10,10,3,19
0,25,30,10,10,3,25,30,10,10,3,19
0,26,10,10,10,3,26,14,10,10,3,19
0,26,14,10,10,3,26,10,10,10,3,19
0,29.9,30,10,10,4,29.9,30,10,10,3,19
0,29.9,30,10,10,4,29.9,30,10,10,3,19
0,30,20,10,10,3,30,29.9,10,10,3,19
0,30,29.9,10,10,3,30,15,10,10,3,19
0,30,25,10,10,3,30,10,10,10,3,19
0,30,15,10,10,1,30,25,10,10,3,19
0,30,10,10,10,2,30,20,10,10,3,19
0,31,3,10,10,2,31,3,10,10,2,19
0,31,3,10,10,2,31,3,10,10,3,19
0,10,10,1,13,2,10,10,1,13,2,20
0,10,10,2,18,2,10,10,2,2,2,20
0,10,10,2,2,2,10,10,2,18,2,20
0,10,10,4,16,2,10,10,4,16,2,20
0,10,10,6,22,2,10,10,6,22,2,20
0,10,10,7,11,2,10,10,7,11,2,20
0,10,10,8,16,2,10,10,8,16,2,20
0,10,10,10,18,2,10,10,10,18,2,20
0,10,10,10,22,2,10,10,10,22,2,20
0,10,10,10,30,2,10,10,10,30,2,20
0,10,10,11,8,2,10,10,11,8,2,20
0,10,10,12,3,2,10,10,12,3,2,20
0,10,10,14,6,2,10,10,14,6,2,20
0,10,10,16,8,2,10,10,16,8,2,20
0,10,10,17,3,2,10,10,17,3,2,20
0,10,10,18,18,2,10,10,18,18,2,20
0,10,10,18,10,2,10,10,18,10,2,20
0,10,10,20,30,2,10,10,20,30,2,20
0,10,10,22,12,2,10,10,22,12,2,20
0,10,10,25,30,2,10,10,25,30,2,20
0,10,10,29.9,30,2,10,10,29.9,30,2,20
0,10,10,30,15,2,10,10,30,15,2,20
0,10,10,30,25,2,10,10,30,25,2,20
0,10,10,31,3,2,10,10,31,3,2,20
0,1,13,10,10,-3,1,13,10,10,-4,20
0,1,13,10,10,-3,1,13,10,10,-3,20
0,2,2,10,10,1,2,2,10,10,1,20
0,2,18,10,10,-3,2,18,10,10,-2,20
0,4,12,10,10,-2,4,12,10,10,-3,20
0,4,16,10,10,-3,4,16,10,10,-3,20
0,4,28,10,10,-3,4,28,10,10,-3,20
0,6,22,10,10,-3,6,22,10,10,-3,20
0,7,11,10,10,2,7,13,10,10,-1,20
0,7,11,10,10,-2,7,11,10,10,-2,20
0,7,13,10,10,-2,7,11,10,10,-2,20
0,8,16,10,10,-2,8,16,10,10,-3,20
0,10,26,10,10,-3,10,18,10,10,-2,20
0,10,22,10,10,-2,10,18,10,10,-2,20
0,10,18,10,10,-1,10,30,10,10,-2,20
0,10,18,10,10,-2,10,22,10,10,-2,20
0,10,30,10,10,-2,10,26,10,10,-3,20
0,11,8,10,10,2,11,8,10,10,2,20
0,11,8,10,10,2,11,6,10,10,2,20
0,11,6,10,10,2,11,8,10,10,3,20
0,12,3,10,10,2,12,3,10,10,3,20
0,12,22,10,10,-2,12,18,10,10,-2,20
0,12,18,10,10,-2,12,8,10,10,2,20
0,12,8,10,10,2,12,22,10,10,-2,20
0,14,26,10,10,-2,14,26,10,10,-2,20
0,14,6,10,10,3,14,6,10,10,2,20
0,15,30,10,10,-3,15,30,10,10,3,20
0,16,8,10,10,3,16,8,10,10,3,20
0,17,3,10,10,3,17,3,10,10,3,20
0,18,12,10,10,3,18,18,10,10,2,20
0,18,10,10,10,3,18,12,10,10,3,20
0,18,18,10,10,3,18,10,10,10,3,20
0,20,30,10,10,-1,20,30,10,10,-2,20
0,22,10,10,10,3,22,6,10,10,3,20
0,22,12,10,10,3,22,12,10,10,2,20
0,22,6,10,10,3,22,10,10,10,3,20
0,25,30,10,10,3,25,30,10,10,3,20
0,26,14,10,10,3,26,14,10,10,3,20
0,26,10,10,10,3,26,10,10,10,3,20
0,29.9,30,10,10,3,29.9,30,10,10,3,20
0,29.9,30,10,10,3,29.9,30,10,10,3,20
0,30,25,10,10,3,30,10,10,10,3,20
0,30,20,10,10,3,30,25,10,10,3,20
0,30,10,10,10,3,30,15,10,10,3,20
0,30,15,10,10,3,30,20,10,10,3,20
0,30,29.9,10,10,3,30,29.9,10,10,3,20
0,31,3,10,10,3,31,3,10,10,4,20
0,31,3,10,10,3,31,3,10,10,3,20
0,10,10,1,13,3,10,10,1,13,2,21
0,10,10,2,2,3,10,10,2,2,2,21
0,10,10,2,18,3,10,10,2,18,2,21
0,10,10,4,16,3,10,10,4,16,2,21
0,10,10,6,22,3,10,10,6,22,3,21
0,10,10,7,11,3,10,10,7,11,2,21
0,10,10,8,16,3,10,10,8,16,2,21
0,10,10,10,22,3,10,10,10,18,3,21
0,10,10,10,18,3,10,10,10,30,2,21
0,10,10,10,30,3,10,10,10,22,2,21
0,10,10,11,8,3,10,10,11,8,2,21
0,10,10,12,3,3,10,10,12,3,2,21
0,10,10,14,6,3,10,10,14,6,2,21
0,10,10,16,8,3,10,10,16,8,2,21
0,10,10,17,3,3,10,10,17,3,2,21
0,10,10,18,18,3,10,10,18,10,3,21
0,10,10,18,10,3,10,10,18,18,2,21
0,10,10,20,30,3,10,10,20,30,2,21
0,10,10,22,12,3,10,10,22,12,2,21
0,10,10,25,30,3,10,10,25,30,2,21
0,10,10,29.9,30,3,10,10,29.9,30,2,21
0,10,10,30,15,3,10,10,30,15,2,21
0,10,10,30,25,3,10,10,30,25,2,21
0,10,10,31,3,3,10,10,31,3,2,21
0,1,13,10,10,-4,1,13,10,10,-4,21
0,1,13,10,10,-4,1,13,10,10,-4,21
0,2,2,10,10,1,2,18,10,10,-4,21
0,2,18,10,10,-4,2,2,10,10,1,21
0,4,16,10,10,-1,4,16,10,10,-4,21
0,4,12,10,10,-2,4,28,10,10,-4,21
0,4,28,10,10,-4,4,12,10,10,-3,21
0,6,22,10,10,-1,6,22,10,10,-4,21
0,7,11,10,10,-1,7,13,10,10,-2,21
0,7,13,10,10,-1,7,11,10,10,-2,21
0,7,11,10,10,-1,7,11,10,10,-2,21
0,8,16,10,10,-1,8,16,10,10,-2,21
0,10,18,10,10,-1,10,30,10,10,-4,21
0,10,26,10,10,-1,10,18,10,10,2,21
0,10,22,10,10,-1,10,18,10,10,-3,21
0,10,18,10,10,-1,10,22,10,10,-3,21
0,10,30,10,10,-2,10,26,10,10,-3,21
0,11,8,10,10,2,11,6,10,10,2,21
0,11,8,10,10,3,11,8,10,10,3,21
0,11,6,10,10,2,11,8,10,10,2,21
0,12,3,10,10,3,12,18,10,10,-2,21
0,12,18,10,10,-1,12,22,10,10,-3,21
0,12,22,10,10,-2,12,8,10,10,3,21
0,12,8,10,10,2,12,3,10,10,3,21
0,14,26,10,10,-2,14,6,10,10,3,21
0,14,6,10,10,3,14,26,10,10,-2,21
0,15,30,10,10,-3,15,30,10,10,-3,21
0,16,8,10,10,4,16,8,10,10,4,21
0,17,3,10,10,3,17,3,10,10,3,21
0,18,18,10,10,3,18,12,10,10,3,21
0,18,10,10,10,4,18,18,10,10,4,21
0,18,12,10,10,3,18,10,10,10,4,21
0,20,30,10,10,-1,20,30,10,10,-1,21
0,22,6,10,10,3,22,6,10,10,4,21
0,22,12,10,10,3,22,10,10,10,4,21
0,22,10,10,10,4,22,12,10,10,4,21
0,25,30,10,10,-1,25,30,10,10,3,21
0,26,10,10,10,4,26,10,10,10,4,21
0,26,14,10,10,4,26,14,10,10,4,21
0,29.9,30,10,10,4,29.9,30,10,10,4,21
0,29.9,30,10,10,4,29.9,30,10,10,4,21
0,30,15,10,10,4,30,15,10,10,4,21
0,30,25,10,10,4,30,10,10,10,4,21
0,30,20,10,10,3,30,25,10,10,4,21
0,30,10,10,10,4,30,20,10,10,4,21
0,30,29.9,10,10,4,30,29.9,10,10,4,21
0,31,3,10,10,4,31,3,10,10,4,21
0,31,3,10,10,4,31,3,10,10,4,21
0,10,10,1,13,1,10,10,1,13,1,22
0,10,10,2,18,1,10,10,2,18,1,22
0,10,10,2,2,1,10,10,2,2,1,22
0,10,10,4,16,1,10,10,4,16,1,22
0,10,10,6,22,1,10,10,6,22,1,22
0,10,10,7,11,1,10,10,7,11,1,22
0,10,10,8,16,1,10,10,8,16,1,22
0,10,10,10,18,1,10,10,10,18,1,22
0,10,10,10,22,1,10,10,10,30,1,22
0,10,10,10,30,1,10,10,10,22,1,22
0,10,10,11,8,1,10,10,11,8,1,22
0,10,10,12,3,1,10,10,12,3,1,22
0,10,10,14,6,1,10,10,14,6,0,22
0,10,10,16,8,1,10,10,16,8,1,22
0,10,10,17,3,1,10,10,17,3,1,22
0,10,10,18,10,1,10,10,18,10,1,22
0,10,10,18,18,1,10,10,18,18,1,22
0,10,10,20,30,1,10,10,20,30,1,22
0,10,10,22,12,1,10,10,22,12,1,22
0,10,10,25,30,0,10,10,25,30,1,22
0,10,10,29.9,30,1,10,10,29.9,30,1,22
0,10,10,30,15,1,10,10,30,25,1,22
0,10,10,30,25,0,10,10,30,15,1,22
0,10,10,31,3,1,10,10,31,3,1,22
0,1,13,10,10,-2,1,13,10,10,-4,22
0,1,13,10,10,-3,1,13,10,10,-4,22
0,2,18,10,10,-2,2,2,10,10,0,22
0,2,2,10,10,1,2,18,10,10,-1,22
0,4,16,10,10,-2,4,28,10,10,-4,22
0,4,12,10,10,-2,4,16,10,10,-2,22
0,4,28,10,10,-2,4,12,10,10,-2,22
0,6,22,10,10,-2,6,22,10,10,-1,22
0,7,11,10,10,-1,7,13,10,10,-2,22
0,7,11,10,10,-1,7,11,10,10,-1,22
0,7,13,10,10,-2,7,11,10,10,-1,22
0,8,16,10,10,-2,8,16,10,10,-2,22
0,10,26,10,10,-2,10,18,10,10,-3,22
0,10,30,10,10,-2,10,22,10,10,-1,22
0,10,18,10,10,-1,10,26,10,10,-1,22
0,10,18,10,10,-1,10,30,10,10,-1,22
0,10,22,10,10,1,10,18,10,10,-1,22
0,11,8,10,10,1,11,6,10,10,1,22
0,11,8,10,10,1,11,8,10,10,1,22
0,11,6,10,10,1,11,8,10,10,1,22
0,12,22,10,10,-2,12,22,10,10,-1,22
0,12,18,10,10,-1,12,18,10,10,-1,22
0,12,8,10,10,1,12,3,10,10,2,22
0,12,3,10,10,1,12,8,10,10,1,22
0,14,6,10,10,1,14,6,10,10,2,22
0,14,26,10,10,-2,14,26,10,10,-2,22
0,15,30,10,10,-2,15,30,10,10,-1,22
0,16,8,10,10,1,16,8,10,10,2,22
0,17,3,10,10,1,17,3,10,10,2,22
0,18,18,10,10,2,18,18,10,10,1,22
0,18,12,10,10,1,18,10,10,10,2,22
0,18,10,10,10,1,18,12,10,10,1,22
0,20,30,10,10,-1,20,30,10,10,-1,22
0,22,12,10,10,1,22,12,10,10,2,22
0,22,10,10,10,1,22,6,10,10,3,22
0,22,6,10,10,1,22,10,10,10,2,22
0,25,30,10,10,1,25,30,10,10,-1,22
0,26,10,10,10,1,26,10,10,10,3,22
0,26,14,10,10,1,26,14,10,10,2,22
0,29.9,30,10,10,2,29.9,30,10,10,1,22
0,29.9,30,10,10,1,29.9,30,10,10,1,22
0,30,20,10,10,1,30,10,10,10,3,22
0,30,29.9,10,10,2,30,25,10,10,4,22
0,30,15,10,10,1,30,29.9,10,10,1,22
0,30,10,10,10,1,30,20,10,10,-1,22
0,30,25,10,10,2,30,15,10,10,1,22
0,31,3,10,10,1,31,3,10,10,4,22
0,31,3,10,10,1,31,3,10,10,2,22
0,10,10,1,13,3,10,10,1,13,3,23
0,10,10,2,2,4,10,10,2,2,4,23
0,10,10,2,18,3,10,10,2,18,4,23
0,10,10,4,16,3,10,10,4,16,3,23
0,10,10,6,22,1,10,10,6,22,3,23
0,10,10,7,11,3,10,10,7,11,3,23
0,10,10,8,16,3,10,10,8,16,2,23
0,10,10,10,22,-4,10,10,10,30,-3,23
0,10,10,10,30,-2,10,10,10,18,-3,23
0,10,10,10,18,-3,10,10,10,22,-3,23
0,10,10,11,8,3,10,10,11,8,3,23
0,10,10,12,3,3,10,10,12,3,3,23
0,10,10,14,6,3,10,10,14,6,3,23
0,10,10,16,8,3,10,10,16,8,2,23
0,10,10,17,3,3,10,10,17,3,1,23
0,10,10,18,18,-4,10,10,18,10,-3,23
0,10,10,18,10,2,10,10,18,18,-4,23
0,10,10,20,30,-3,10,10,20,30,-4,23
0,10,10,22,12,-2,10,10,22,12,-4,23
0,10,10,25,30,-3,10,10,25,30,-4,23
0,10,10,29.9,30,-3,10,10,29.9,30,-4,23
0,10,10,30,25,-1,10,10,30,15,-4,23
0,10,10,30,15,-2,10,10,30,25,-4,23
0,10,10,31,3,2,10,10,31,3,1,23
0,1,13,10,10,-4,1,13,10,10,-4,23
0,1,13,10,10,-4,1,13,10,10,-4,23
0,2,18,10,10,-2,2,2,10,10,-4,23
0,2,2,10,10,-4,2,18,10,10,-4,23
0,4,28,10,10,-3,4,16,10,10,-4,23
0,4,16,10,10,-3,4,28,10,10,-3,23
0,4,12,10,10,-4,4,12,10,10,-4,23
0,6,22,10,10,-1,6,22,10,10,-1,23
0,7,11,10,10,-1,7,13,10,10,-3,23
0,7,13,10,10,-1,7,11,10,10,-4,23
0,7,11,10,10,-1,7,11,10,10,-3,23
0,8,16,10,10,-2,8,16,10,10,-2,23
0,10,18,10,10,3,10,22,10,10,3,23
0,10,30,10,10,-2,10,18,10,10,3,23
0,10,26,10,10,3,10,18,10,10,3,23
0,10,22,10,10,3,10,26,10,10,3,23
0,10,18,10,10,3,10,30,10,10,3,23
0,11,6,10,10,-3,11,8,10,10,0,23
0,11,8,10,10,-1,11,8,10,10,-2,23
0,11,8,10,10,-1,11,6,10,10,-3,23
0,12,8,10,10,-1,12,3,10,10,-3,23
0,12,22,10,10,4,12,18,10,10,3,23
0,12,18,10,10,3,12,22,10,10,2,23
0,12,3,10,10,-3,12,8,10,10,-1,23
0,14,6,10,10,-2,14,26,10,10,3,23
0,14,26,10,10,3,14,6,10,10,-2,23
0,15,30,10,10,3,15,30,10,10,3,23
0,16,8,10,10,-1,16,8,10,10,0,23
0,17,3,10,10,-3,17,3,10,10,-1,23
0,18,10,10,10,-1,18,12,10,10,3,23
0,18,18,10,10,4,18,18,10,10,4,23
0,18,12,10,10,2,18,10,10,10,3,23
0,20,30,10,10,4,20,30,10,10,3,23
0,22,10,10,10,1,22,6,10,10,1,23
0,22,6,10,10,-1,22,10,10,10,2,23
0,22,12,10,10,1,22,12,10,10,2,23
0,25,30,10,10,3,25,30,10,10,3,23
0,26,14,10,10,2,26,10,10,10,2,23
0,26,10,10,10,2,26,14,10,10,3,23
0,29.9,30,10,10,4,29.9,30,10,10,3,23
0,29.9,30,10,10,4,29.9,30,10,10,3,23
0,30,25,10,10,1,30,15,10,10,3,23
0,30,29.9,10,10,4,30,25,10,10,3,23
0,30,10,10,10,1,30,29.9,10,10,3,23
0,30,15,10,10,2,30,20,10,10,2,23
0,30,20,10,10,3,30,10,10,10,2,23
0,31,3,10,10,-1,31,3,10,10,0,23
0,31,3,10,10,0,31,3,10,10,1,23
0,10,10,1,13,3,10,10,1,13,3,24
0,10,10,2,18,3,10,10,2,18,4,24
0,10,10,2,2,4,10,10,2,2,4,24
0,10,10,4,16,2,10,10,4,16,4,24
0,10,10,6,22,1,10,10,6,22,1,24
0,10,10,7,11,2,10,10,7,11,1,24
0,10,10,8,16,2,10,10,8,16,3,24
0,10,10,10,18,-3,10,10,10,22,-2,24
0,10,10,10,30,1,10,10,10,18,-2,24
0,10,10,10,22,1,10,10,10,30,1,24
0,10,10,11,8,2,10,10,11,8,0,24
0,10,10,12,3,2,10,10,12,3,0,24
0,10,10,14,6,0,10,10,14,6,-2,24
0,10,10,16,8,0,10,10,16,8,0,24
0,10,10,17,3,1,10,10,17,3,-2,24
0,10,10,18,18,-4,10,10,18,10,-2,24
0,10,10,18,10,-3,10,10,18,18,-3,24
0,10,10,20,30,-3,10,10,20,30,-4,24
0,10,10,22,12,-3,10,10,22,12,-4,24
0,10,10,25,30,-4,10,10,25,30,-4,24
0,10,10,29.9,30,-4,10,10,29.9,30,0,24
0,10,10,30,15,-2,10,10,30,25,-4,24
0,10,10,30,25,-4,10,10,30,15,-4,24
0,10,10,31,3,1,10,10,31,3,-2,24
0,1,13,10,10,-2,1,13,10,10,-4,24
0,1,13,10,10,-2,1,13,10,10,-4,24
0,2,18,10,10,-2,2,2,10,10,-4,24
0,2,2,10,10,-4,2,18,10,10,-4,24
0,4,16,10,10,-1,4,16,10,10,-4,24
0,4,28,10,10,-1,4,28,10,10,-4,24
0,4,12,10,10,-3,4,12,10,10,-4,24
0,6,22,10,10,-2,6,22,10,10,-2,24
0,7,11,10,10,-2,7,11,10,10,-2,24
0,7,13,10,10,-1,7,11,10,10,-2,24
0,7,11,10,10,0,7,13,10,10,-2,24
0,8,16,10,10,1,8,16,10,10,-4,24
0,10,22,10,10,2,10,30,10,10,-1,24
0,10,18,10,10,0,10,18,10,10,0,24
0,10,26,10,10,1,10,18,10,10,-1,24
0,10,18,10,10,1,10,22,10,10,0,24
0,10,30,10,10,1,10,26,10,10,-2,24
0,11,8,10,10,0,11,8,10,10,3,24
0,11,6,10,10,1,11,6,10,10,4,24
0,11,8,10,10,1,11,8,10,10,2,24
0,12,8,10,10,1,12,22,10,10,1,24
0,12,18,10,10,2,12,8,10,10,3,24
0,12,3,10,10,1,12,18,10,10,-3,24
0,12,22,10,10,2,12,3,10,10,4,24
0,14,6,10,10,1,14,26,10,10,-2,24
0,14,26,10,10,1,14,6,10,10,4,24
0,15,30,10,10,2,15,30,10,10,1,24
0,16,8,10,10,1,16,8,10,10,3,24
0,17,3,10,10,1,17,3,10,10,4,24
0,18,10,10,10,4,18,18,10,10,4,24
0,18,12,10,10,3,18,10,10,10,3,24
0,18,18,10,10,4,18,12,10,10,3,24
0,20,30,10,10,4,20,30,10,10,4,24
0,22,6,10,10,2,22,10,10,10,3,24
0,22,10,10,10,3,22,12,10,10,4,24
0,22,12,10,10,2,22,6,10,10,4,24
0,25,30,10,10,4,25,30,10,10,3,24
0,26,14,10,10,3,26,10,10,10,3,24
0,26,10,10,10,2,26,14,10,10,3,24
0,29.9,30,10,10,4,29.9,30,10,10,4,24
0,29.9,30,10,10,3,29.9,30,10,10,3,24
0,30,20,10,10,4,30,29.9,10,10,4,24
0,30,29.9,10,10,4,30,10,10,10,3,24
0,30,15,10,10,3,30,20,10,10,3,24
0,30,25,10,10,4,30,25,10,10,4,24
0,30,10,10,10,1,30,15,10,10,4,24
0,31,3,10,10,1,31,3,10,10,4,24
0,31,3,10,10,1,31,3,10,10,4,24
0,10,10,1,13,2,10,10,1,13,4,25
0,10,10,2,2,2,10,10,2,2,4,25
0,10,10,2,18,1,10,10,2,18,2,25
0,10,10,4,16,1,10,10,4,16,3,25
0,10,10,6,22,-2,10,10,6,22,4,25
0,10,10,7,11,3,10,10,7,11,0,25
0,10,10,8,16,0,10,10,8,16,4,25
0,10,10,10,30,0,10,10,10,22,-2,25
0,10,10,10,18,-3,10,10,10,30,-3,25
0,10,10,10,22,-2,10,10,10,18,-2,25
0,10,10,11,8,0,10,10,11,8,0,25
0,10,10,12,3,-4,10,10,12,3,1,25
0,10,10,14,6,0,10,10,14,6,2,25
0,10,10,16,8,-1,10,10,16,8,-1,25
0,10,10,17,3,0,10,10,17,3,2,25
0,10,10,18,10,0,10,10,18,10,-2,25
0,10,10,18,18,-4,10,10,18,18,-4,25
0,10,10,20,30,-4,10,10,20,30,-4,25
0,10,10,22,12,-4,10,10,22,12,-4,25
0,10,10,25,30,4,10,10,25,30,-4,25
0,10,10,29.9,30,-4,10,10,29.9,30,-4,25
0,10,10,30,15,-4,10,10,30,15,-4,25
0,10,10,30,25,-4,10,10,30,25,-4,25
0,10,10,31,3,-1,10,10,31,3,4,25
0,1,13,10,10,-4,1,13,10,10,-2,25
0,1,13,10,10,-2,1,13,10,10,-4,25
0,2,18,10,10,0,2,18,10,10,0,25
0,2,2,10,10,-3,2,2,10,10,-4,25
0,4,28,10,10,1,4,28,10,10,1,25
0,4,16,10,10,0,4,12,10,10,-1,25
0,4,12,10,10,-2,4,16,10,10,-3,25
0,6,22,10,10,2,6,22,10,10,0,25
0,7,11,10,10,1,7,11,10,10,0,25
0,7,11,10,10,-2,7,11,10,10,4,25
0,7,13,10,10,-1,7,13,10,10,1,25
0,8,16,10,10,3,8,16,10,10,1,25
0,10,22,10,10,4,10,26,10,10,1,25
0,10,30,10,10,4,10,18,10,10,3,25
0,10,26,10,10,4,10,30,10,10,3,25
0,10,18,10,10,2,10,18,10,10,2,25
0,10,18,10,10,2,10,22,10,10,4,25
0,11,6,10,10,3,11,8,10,10,4,25
0,11,8,10,10,1,11,8,10,10,1,25
0,11,8,10,10,0,11,6,10,10,3,25
0,12,8,10,10,1,12,22,10,10,3,25
0,12,3,10,10,-4,12,8,10,10,4,25
0,12,22,10,10,4,12,3,10,10,3,25
0,12,18,10,10,3,12,18,10,10,4,25
0,14,26,10,10,4,14,26,10,10,4,25
0,14,6,10,10,0,14,6,10,10,4,25
0,15,30,10,10,3,15,30,10,10,2,25
0,16,8,10,10,2,16,8,10,10,2,25
0,17,3,10,10,0,17,3,10,10,-1,25
0,18,18,10,10,4,18,10,10,10,4,25
0,18,10,10,10,4,18,18,10,10,2,25
0,18,12,10,10,4,18,12,10,10,-4,25
0,20,30,10,10,3,20,30,10,10,4,25
0,22,12,10,10,4,22,10,10,10,4,25
0,22,10,10,10,2,22,12,10,10,4,25
0,22,6,10,10,2,22,6,10,10,4,25
0,25,30,10,10,4,25,30,10,10,4,25
0,26,14,10,10,4,26,14,10,10,4,25
0,26,10,10,10,3,26,10,10,10,0,25
0,29.9,30,10,10,4,29.9,30,10,10,4,25
0,29.9,30,10,10,4,29.9,30,10,10,4,25
0,30,10,10,10,4,30,29.9,10,10,4,25
0,30,29.9,10,10,4,30,25,10,10,4,25
0,30,15,10,10,4,30,10,10,10,3,25
0,30,25,10,10,4,30,20,10,10,4,25
0,30,20,10,10,4,30,15,10,10,4,25
0,31,3,10,10,2,31,3,10,10,4,25
0,31,3,10,10,2,31,3,10,10,1,25
0,10,10,1,13,2,10,10,1,13,3,27
0,10,10,2,2,4,10,10,2,18,1,27
0,10,10,2,18,3,10,10,2,2,4,27
0,10,10,4,16,2,10,10,4,16,2,27
0,10,10,6,22,1,10,10,6,22,3,27
0,10,10,7,11,2,10,10,7,11,0,27
0,10,10,8,16,2,10,10,8,16,1,27
0,10,10,10,18,0,10,10,10,22,-3,27
0,10,10,10,22,-1,10,10,10,18,-3,27
0,10,10,10,30,-3,10,10,10,30,-4,27
0,10,10,11,8,2,10,10,11,8,0,27
0,10,10,12,3,3,10,10,12,3,2,27
0,10,10,14,6,1,10,10,14,6,-1,27
0,10,10,16,8,2,10,10,16,8,-1,27
0,10,10,17,3,2,10,10,17,3,2,27
0,10,10,18,18,-4,10,10,18,18,-4,27
0,10,10,18,10,-2,10,10,18,10,-3,27
0,10,10,20,30,-2,10,10,20,30,-4,27
0,10,10,22,12,-4,10,10,22,12,-4,27
0,10,10,25,30,-3,10,10,25,30,-4,27
0,10,10,29.9,30,-3,10,10,29.9,30,-4,27
0,10,10,30,25,-4,10,10,30,25,-4,27
0,10,10,30,15,-4,10,10,30,15,-4,27
0,10,10,31,3,1,10,10,31,3,1,27
0,1,13,10,10,-3,1,13,10,10,-4,27
0,1,13,10,10,-2,1,13,10,10,-4,27
0,2,2,10,10,-4,2,2,10,10,-4,27
0,2,18,10,10,-2,2,18,10,10,-4,27
0,4,16,10,10,-2,4,16,10,10,-3,27
0,4,12,10,10,-1,4,12,10,10,-3,27
0,4,28,10,10,-1,4,28,10,10,-4,27
0,6,22,10,10,-1,6,22,10,10,-2,27
0,7,11,10,10,1,7,11,10,10,-3,27
0,7,13,10,10,-1,7,11,10,10,-3,27
0,7,11,10,10,-1,7,13,10,10,-1,27
0,8,16,10,10,2,8,16,10,10,-1,27
0,10,18,10,10,1,10,22,10,10,-2,27
0,10,18,10,10,3,10,18,10,10,3,27
0,10,26,10,10,2,10,18,10,10,3,27
0,10,22,10,10,3,10,26,10,10,4,27
0,10,30,10,10,4,10,30,10,10,3,27
0,11,8,10,10,0,11,8,10,10,2,27
0,11,8,10,10,1,11,6,10,10,1,27
0,11,6,10,10,0,11,8,10,10,0,27
0,12,8,10,10,0,12,22,10,10,2,27
0,12,18,10,10,3,12,3,10,10,-3,27
0,12,3,10,10,-3,12,8,10,10,1,27
0,12,22,10,10,3,12,18,10,10,4,27
0,14,6,10,10,1,14,6,10,10,1,27
0,14,26,10,10,4,14,26,10,10,4,27
0,15,30,10,10,1,15,30,10,10,4,27
0,16,8,10,10,1,16,8,10,10,2,27
0,17,3,10,10,-2,17,3,10,10,1,27
0,18,10,10,10,1,18,12,10,10,4,27
0,18,12,10,10,4,18,18,10,10,4,27
0,18,18,10,10,4,18,10,10,10,4,27
0,20,30,10,10,4,20,30,10,10,4,27
0,22,10,10,10,3,22,10,10,10,4,27
0,22,12,10,10,3,22,12,10,10,4,27
0,22,6,10,10,-1,22,6,10,10,0,27
0,25,30,10,10,3,25,30,10,10,4,27
0,26,10,10,10,0,26,10,10,10,4,27
0,26,14,10,10,4,26,14,10,10,4,27
0,29.9,30,10,10,4,29.9,30,10,10,4,27
0,29.9,30,10,10,4,29.9,30,10,10,4,27
0,30,29.9,10,10,3,30,25,10,10,4,27
0,30,25,10,10,4,30,29.9,10,10,4,27
0,30,20,10,10,4,30,15,10,10,4,27
0,30,15,10,10,4,30,10,10,10,0,27
0,30,10,10,10,4,30,20,10,10,4,27
0,31,3,10,10,-1,31,3,10,10,-1,27
0,31,3,10,10,-1,31,3,10,10,1,27
0,10,10,1,13,4,10,10,1,13,3,28
0,10,10,2,18,4,10,10,2,18,4,28
0,10,10,2,2,4,10,10,2,2,2,28
0,10,10,4,16,4,10,10,4,16,4,28
0,10,10,6,22,0,10,10,6,22,2,28
0,10,10,7,11,4,10,10,7,11,2,28
0,10,10,8,16,-2,10,10,8,16,2,28
0,10,10,10,22,-2,10,10,10,30,-3,28
0,10,10,10,30,-3,10,10,10,18,-2,28
0,10,10,10,18,-3,10,10,10,22,-1,28
0,10,10,11,8,-3,10,10,11,8,-1,28
0,10,10,12,3,-3,10,10,12,3,-2,28
0,10,10,14,6,4,10,10,14,6,-3,28
0,10,10,16,8,-3,10,10,16,8,-1,28
0,10,10,17,3,2,10,10,17,3,-2,28
0,10,10,18,18,-4,10,10,18,10,-3,28
0,10,10,18,10,-4,10,10,18,18,-3,28
0,10,10,20,30,-4,10,10,20,30,-4,28
0,10,10,22,12,-4,10,10,22,12,-3,28
0,10,10,25,30,-4,10,10,25,30,-2,28
0,10,10,29.9,30,-4,10,10,29.9,30,-4,28
0,10,10,30,15,-3,10,10,30,15,-4,28
0,10,10,30,25,-4,10,10,30,25,-3,28
0,10,10,31,3,-3,10,10,31,3,-3,28
0,1,13,10,10,-4,1,13,10,10,-3,28
0,1,13,10,10,-4,1,13,10,10,-4,28
0,2,2,10,10,-4,2,2,10,10,-4,28
0,2,18,10,10,-4,2,18,10,10,-3,28
0,4,12,10,10,-3,4,16,10,10,0,28
0,4,28,10,10,-2,4,28,10,10,-2,28
0,4,16,10,10,-4,4,12,10,10,-3,28
0,6,22,10,10,-2,6,22,10,10,-2,28
0,7,11,10,10,-3,7,11,10,10,-4,28
0,7,11,10,10,-4,7,13,10,10,-3,28
0,7,13,10,10,-2,7,11,10,10,-2,28
0,8,16,10,10,-3,8,16,10,10,-2,28
0,10,22,10,10,-2,10,26,10,10,1,28
0,10,18,10,10,2,10,18,10,10,-3,28
0,10,26,10,10,1,10,22,10,10,-1,28
0,10,18,10,10,2,10,18,10,10,-2,28
0,10,30,10,10,4,10,30,10,10,-2,28
0,11,8,10,10,0,11,8,10,10,1,28
0,11,6,10,10,3,11,6,10,10,1,28
0,11,8,10,10,4,11,8,10,10,1,28
0,12,22,10,10,0,12,22,10,10,2,28
0,12,8,10,10,4,12,8,10,10,2,28
0,12,18,10,10,4,12,18,10,10,1,28
0,12,3,10,10,2,12,3,10,10,1,28
0,14,6,10,10,2,14,6,10,10,2,28
0,14,26,10,10,-2,14,26,10,10,2,28
0,15,30,10,10,3,15,30,10,10,2,28
0,16,8,10,10,4,16,8,10,10,4,28
0,17,3,10,10,3,17,3,10,10,2,28
0,18,10,10,10,2,18,10,10,10,4,28
0,18,12,10,10,4,18,18,10,10,2,28
0,18,18,10,10,4,18,12,10,10,2,28
0,20,30,10,10,4,20,30,10,10,4,28
0,22,10,10,10,4,22,10,10,10,3,28
0,22,6,10,10,4,22,6,10,10,3,28
0,22,12,10,10,4,22,12,10,10,2,28
0,25,30,10,10,4,25,30,10,10,4,28
0,26,14,10,10,4,26,10,10,10,4,28
0,26,10,10,10,0,26,14,10,10,3,28
0,29.9,30,10,10,4,29.9,30,10,10,4,28
0,29.9,30,10,10,4,29.9,30,10,10,3,28
0,30,25,10,10,4,30,25,10,10,4,28
0,30,15,10,10,4,30,10,10,10,4,28
0,30,10,10,10,4,30,29.9,10,10,4,28
0,30,29.9,10,10,4,30,15,10,10,3,28
0,30,20,10,10,4,30,20,10,10,4,28
0,31,3,10,10,4,31,3,10,10,4,28
0,31,3,10,10,4,31,3,10,10,4,28
0,10,10,1,13,3,10,10,1,13,2,29
0,10,10,2,18,0,10,10,2,18,2,29
0,10,10,2,2,4,10,10,2,2,4,29
0,10,10,4,16,1,10,10,4,16,3,29
0,10,10,6,22,2,10,10,6,22,2,29
0,10,10,7,11,1,10,10,7,11,3,29
0,10,10,8,16,2,10,10,8,16,2,29
0,10,10,10,22,1,10,10,10,22,1,29
0,10,10,10,18,1,10,10,10,18,1,29
0,10,10,10,30,1,10,10,10,30,2,29
0,10,10,11,8,2,10,10,11,8,2,29
0,10,10,12,3,2,10,10,12,3,1,29
0,10,10,14,6,1,10,10,14,6,1,29
0,10,10,16,8,4,10,10,16,8,3,29
0,10,10,17,3,1,10,10,17,3,2,29
0,10,10,18,10,0,10,10,18,18,1,29
0,10,10,18,18,0,10,10,18,10,0,29
0,10,10,20,30,1,10,10,20,30,2,29
0,10,10,22,12,0,10,10,22,12,0,29
0,10,10,25,30,-2,10,10,25,30,-3,29
0,10,10,29.9,30,2,10,10,29.9,30,-3,29
0,10,10,30,15,1,10,10,30,25,-2,29
0,10,10,30,25,1,10,10,30,15,-1,29
0,10,10,31,3,1,10,10,31,3,0,29
0,1,13,10,10,-4,1,13,10,10,-4,29
0,1,13,10,10,-4,1,13,10,10,-4,29
0,2,2,10,10,-2,2,18,10,10,-3,29
0,2,18,10,10,-4,2,2,10,10,-4,29
0,4,16,10,10,3,4,16,10,10,4,29
0,4,28,10,10,-3,4,28,10,10,-3,29
0,4,12,10,10,-2,4,12,10,10,-4,29
0,6,22,10,10,-1,6,22,10,10,-4,29
0,7,11,10,10,2,7,13,10,10,2,29
0,7,13,10,10,-1,7,11,10,10,-2,29
0,7,11,10,10,-1,7,11,10,10,0,29
0,8,16,10,10,0,8,16,10,10,-3,29
0,10,22,10,10,0,10,18,10,10,-3,29
0,10,30,10,10,2,10,30,10,10,2,29
0,10,18,10,10,2,10,18,10,10,-3,29
0,10,26,10,10,1,10,22,10,10,0,29
0,10,18,10,10,2,10,26,10,10,2,29
0,11,8,10,10,2,11,8,10,10,1,29
0,11,8,10,10,1,11,6,10,10,1,29
0,11,6,10,10,3,11,8,10,10,2,29
0,12,22,10,10,0,12,3,10,10,-4,29
0,12,8,10,10,1,12,8,10,10,2,29
0,12,18,10,10,0,12,22,10,10,-4,29
0,12,3,10,10,0,12,18,10,10,3,29
0,14,26,10,10,3,14,6,10,10,3,29
0,14,6,10,10,1,14,26,10,10,1,29
0,15,30,10,10,1,15,30,10,10,-4,29
0,16,8,10,10,2,16,8,10,10,3,29
0,17,3,10,10,1,17,3,10,10,3,29
0,18,18,10,10,4,18,12,10,10,3,29
0,18,10,10,10,3,18,18,10,10,3,29
0,18,12,10,10,4,18,10,10,10,2,29
0,20,30,10,10,4,20,30,10,10,1,29
0,22,10,10,10,2,22,12,10,10,4,29
0,22,6,10,10,2,22,10,10,10,4,29
0,22,12,10,10,2,22,6,10,10,3,29
0,25,30,10,10,3,25,30,10,10,2,29
0,26,10,10,10,4,26,10,10,10,2,29
0,26,14,10,10,4,26,14,10,10,4,29
0,29.9,30,10,10,4,29.9,30,10,10,3,29
0,29.9,30,10,10,4,29.9,30,10,10,3,29
0,30,15,10,10,4,30,25,10,10,2,29
0,30,25,10,10,4,30,15,10,10,4,29
0,30,10,10,10,3,30,20,10,10,4,29
0,30,29.9,10,10,4,30,10,10,10,3,29
0,30,20,10,10,3,30,29.9,10,10,4,29
0,31,3,10,10,3,31,3,10,10,4,29
0,31,3,10,10,3,31,3,10,10,4,29
0,10,10,1,13,2,10,10,1,13,4,30
0,10,10,2,2,4,10,10,2,18,3,30
0,10,10,2,18,2,10,10,2,2,4,30
0,10,10,4,16,2,10,10,4,16,3,30
0,10,10,6,22,0,10,10,6,22,2,30
0,10,10,7,11,1,10,10,7,11,1,30
0,10,10,8,16,1,10,10,8,16,1,30
0,10,10,10,30,-1,10,10,10,30,1,30
0,10,10,10,18,0,10,10,10,18,0,30
0,10,10,10,22,0,10,10,10,22,1,30
0,10,10,11,8,1,10,10,11,8,1,30
0,10,10,12,3,3,10,10,12,3,-1,30
0,10,10,14,6,0,10,10,14,6,1,30
0,10,10,16,8,0,10,10,16,8,-3,30
0,10,10,17,3,0,10,10,17,3,-3,30
0,10,10,18,18,-4,10,10,18,10,-3,30
0,10,10,18,10,0,10,10,18,18,-4,30
0,10,10,20,30,-4,10,10,20,30,-4,30
0,10,10,22,12,-4,10,10,22,12,-4,30
0,10,10,25,30,-4,10,10,25,30,-4,30
0,10,10,29.9,30,-4,10,10,29.9,30,-4,30
0,10,10,30,15,-4,10,10,30,15,-4,30
0,10,10,30,25,-4,10,10,30,25,-4,30
0,10,10,31,3,0,10,10,31,3,-2,30
0,1,13,10,10,-1,1,13,10,10,-4,30
0,1,13,10,10,-2,1,13,10,10,-4,30
0,2,18,10,10,-3,2,2,10,10,-4,30
0,2,2,10,10,-4,2,18,10,10,-4,30
0,4,28,10,10,-3,4,12,10,10,-3,30
0,4,16,10,10,-1,4,16,10,10,-4,30
0,4,12,10,10,-1,4,28,10,10,-4,30
0,6,22,10,10,-3,6,22,10,10,-4,30
0,7,13,10,10,-1,7,13,10,10,-2,30
0,7,11,10,10,0,7,11,10,10,-2,30
0,7,11,10,10,0,7,11,10,10,-1,30
0,8,16,10,10,-1,8,16,10,10,-2,30
0,10,22,10,10,0,10,18,10,10,1,30
0,10,30,10,10,0,10,30,10,10,1,30
0,10,18,10,10,0,10,22,10,10,2,30
0,10,26,10,10,0,10,26,10,10,0,30
0,10,18,10,10,0,10,18,10,10,0,30
0,11,8,10,10,0,11,8,10,10,1,30
0,11,6,10,10,0,11,6,10,10,2,30
0,11,8,10,10,0,11,8,10,10,1,30
0,12,3,10,10,-1,12,8,10,10,1,30
0,12,8,10,10,-1,12,3,10,10,2,30
0,12,22,10,10,1,12,22,10,10,1,30
0,12,18,10,10,3,12,18,10,10,1,30
0,14,26,10,10,1,14,6,10,10,2,30
0,14,6,10,10,0,14,26,10,10,4,30
0,15,30,10,10,3,15,30,10,10,4,30
0,16,8,10,10,0,16,8,10,10,2,30
0,17,3,10,10,-1,17,3,10,10,4,30
0,18,12,10,10,2,18,12,10,10,4,30
0,18,10,10,10,2,18,10,10,10,4,30
0,18,18,10,10,4,18,18,10,10,4,30
0,20,30,10,10,4,20,30,10,10,4,30
0,22,6,10,10,-1,22,12,10,10,4,30
0,22,12,10,10,3,22,10,10,10,4,30
0,22,10,10,10,2,22,6,10,10,4,30
0,25,30,10,10,4,25,30,10,10,4,30
0,26,10,10,10,2,26,10,10,10,4,30
0,26,14,10,10,4,26,14,10,10,4,30
0,29.9,30,10,10,4,29.9,30,10,10,4,30
0,29.9,30,10,10,4,29.9,30,10,10,4,30
0,30,29.9,10,10,4,30,10,10,10,4,30
0,30,25,10,10,2,30,25,10,10,4,30
0,30,10,10,10,1,30,15,10,10,4,30
0,30,15,10,10,4,30,20,10,10,4,30
0,30,20,10,10,4,30,29.9,10,10,4,30
0,31,3,10,10,1,31,3,10,10,4,30
0,31,3,10,10,1,31,3,10,10,4,30
0,10,10,1,13,0,10,10,1,13,0,31
0,10,10,2,18,0,10,10,2,2,0,31
0,10,10,2,2,0,10,10,2,18,0,31
0,10,10,4,16,0,10,10,4,16,0,31
0,10,10,6,22,0,10,10,6,22,0,31
0,10,10,7,11,0,10,10,7,11,0,31
0,10,10,8,16,0,10,10,8,16,0,31
0,10,10,10,18,0,10,10,10,18,0,31
0,10,10,10,30,0,10,10,10,22,0,31
0,10,10,10,22,0,10,10,10,30,0,31
0,10,10,11,8,0,10,10,11,8,0,31
0,10,10,12,3,0,10,10,12,3,0,31
0,10,10,14,6,0,10,10,14,6,0,31
0,10,10,16,8,0,10,10,16,8,0,31
0,10,10,17,3,0,10,10,17,3,0,31
0,10,10,18,18,0,10,10,18,10,-1,31
0,10,10,18,10,0,10,10,18,18,0,31
0,10,10,20,30,0,10,10,20,30,0,31
0,10,10,22,12,0,10,10,22,12,0,31
0,10,10,25,30,0,10,10,25,30,0,31
0,10,10,29.9,30,0,10,10,29.9,30,0,31
0,10,10,30,15,0,10,10,30,15,-1,31
0,10,10,30,25,0,10,10,30,25,0,31
0,10,10,31,3,0,10,10,31,3,0,31
0,1,13,10,10,-4,1,13,10,10,-4,31
0,1,13,10,10,-4,1,13,10,10,-4,31
0,2,2,10,10,-4,2,18,10,10,-4,31
0,2,18,10,10,-4,2,2,10,10,-4,31
0,4,12,10,10,-3,4,12,10,10,-3,31
0,4,16,10,10,-3,4,28,10,10,-3,31
0,4,28,10,10,-4,4,16,10,10,-4,31
0,6,22,10,10,-2,6,22,10,10,-3,31
0,7,11,10,10,-2,7,11,10,10,-2,31
0,7,13,10,10,-1,7,13,10,10,-1,31
0,7,11,10,10,-2,7,11,10,10,-1,31
0,8,16,10,10,-1,8,16,10,10,-2,31
0,10,18,10,10,0,10,18,10,10,-1,31
0,10,18,10,10,0,10,22,10,10,-2,31
0,10,26,10,10,0,10,30,10,10,-1,31
0,10,22,10,10,0,10,26,10,10,-1,31
0,10,30,10,10,0,10,18,10,10,0,31
0,11,6,10,10,1,11,6,10,10,1,31
0,11,8,10,10,1,11,8,10,10,1,31
0,11,8,10,10,1,11,8,10,10,1,31
0,12,22,10,10,1,12,3,10,10,3,31
0,12,18,10,10,1,12,8,10,10,1,31
0,12,8,10,10,1,12,18,10,10,1,31
0,12,3,10,10,1,12,22,10,10,1,31
0,14,26,10,10,1,14,26,10,10,0,31
0,14,6,10,10,1,14,6,10,10,1,31
0,15,30,10,10,1,15,30,10,10,2,31
0,16,8,10,10,2,16,8,10,10,2,31
0,17,3,10,10,2,17,3,10,10,2,31
0,18,18,10,10,2,18,12,10,10,2,31
0,18,12,10,10,2,18,10,10,10,2,31
0,18,10,10,10,2,18,18,10,10,2,31
0,20,30,10,10,3,20,30,10,10,2,31
0,22,10,10,10,3,22,12,10,10,4,31
0,22,6,10,10,3,22,10,10,10,3,31
0,22,12,10,10,3,22,6,10,10,3,31
0,25,30,10,10,3,25,30,10,10,4,31
0,26,10,10,10,3,26,14,10,10,3,31
0,26,14,10,10,3,26,10,10,10,3,31
0,29.9,30,10,10,4,29.9,30,10,10,4,31
0,29.9,30,10,10,4,29.9,30,10,10,4,31
0,30,10,10,10,4,30,20,10,10,4,31
0,30,25,10,10,4,30,29.9,10,10,4,31
0,30,15,10,10,4,30,15,10,10,4,31
0,30,29.9,10,10,4,30,10,10,10,4,31
0,30,20,10,10,4,30,25,10,10,4,31
0,31,3,10,10,4,31,3,10,10,4,31
0,31,3,10,10,4,31,3,10,10,4,31
0,10,10,1,13,4,10,10,1,13,2,32
0,10,10,2,2,4,10,10,2,2,3,32
0,10,10,2,18,2,10,10,2,18,3,32
0,10,10,4,16,4,10,10,4,16,2,32
0,10,10,6,22,0,10,10,6,22,0,32
0,10,10,7,11,4,10,10,7,11,2,32
0,10,10,8,16,0,10,10,8,16,2,32
0,10,10,10,22,-2,10,10,10,18,-1,32
0,10,10,10,30,-4,10,10,10,30,-1,32
0,10,10,10,18,-4,10,10,10,22,0,32
0,10,10,11,8,4,10,10,11,8,1,32
0,10,10,12,3,0,10,10,12,3,3,32
0,10,10,14,6,4,10,10,14,6,2,32
0,10,10,16,8,4,10,10,16,8,1,32
0,10,10,17,3,0,10,10,17,3,0,32
0,10,10,18,18,-4,10,10,18,18,-4,32
0,10,10,18,10,-4,10,10,18,10,-4,32
0,10,10,20,30,-4,10,10,20,30,-2,32
0,10,10,22,12,-4,10,10,22,12,-4,32
0,10,10,25,30,-4,10,10,25,30,-4,32
0,10,10,29.9,30,-4,10,10,29.9,30,-4,32
0,10,10,30,25,-4,10,10,30,15,-4,32
0,10,10,30,15,-4,10,10,30,25,-4,32
0,10,10,31,3,2,10,10,31,3,1,32
0,1,13,10,10,-1,1,13,10,10,-4,32
0,1,13,10,10,0,1,13,10,10,-4,32
0,2,2,10,10,-4,2,2,10,10,-3,32
0,2,18,10,10,-4,2,18,10,10,-4,32
0,4,16,10,10,0,4,16,10,10,-3,32
0,4,12,10,10,0,4,28,10,10,-4,32
0,4,28,10,10,0,4,12,10,10,-4,32
0,6,22,10,10,0,6,22,10,10,-3,32
0,7,11,10,10,0,7,11,10,10,-2,32
0,7,11,10,10,0,7,13,10,10,-2,32
0,7,13,10,10,0,7,11,10,10,-1,32
0,8,16,10,10,2,8,16,10,10,-2,32
0,10,22,10,10,4,10,22,10,10,1,32
0,10,26,10,10,4,10,30,10,10,3,32
0,10,18,10,10,4,10,18,10,10,0,32
0,10,30,10,10,3,10,18,10,10,3,32
0,10,18,10,10,4,10,26,10,10,3,32
0,11,8,10,10,0,11,8,10,10,3,32
0,11,6,10,10,1,11,6,10,10,1,32
0,11,8,10,10,0,11,8,10,10,3,32
0,12,22,10,10,4,12,3,10,10,1,32
0,12,18,10,10,4,12,8,10,10,2,32
0,12,3,10,10,0,12,22,10,10,3,32
0,12,8,10,10,0,12,18,10,10,3,32
0,14,6,10,10,0,14,26,10,10,2,32
0,14,26,10,10,4,14,6,10,10,2,32
0,15,30,10,10,4,15,30,10,10,2,32
0,16,8,10,10,0,16,8,10,10,1,32
0,17,3,10,10,-1,17,3,10,10,1,32
0,18,18,10,10,4,18,12,10,10,4,32
0,18,10,10,10,2,18,18,10,10,4,32
0,18,12,10,10,4,18,10,10,10,4,32
0,20,30,10,10,4,20,30,10,10,3,32
0,22,12,10,10,4,22,10,10,10,4,32
0,22,10,10,10,4,22,6,10,10,2,32
0,22,6,10,10,0,22,12,10,10,4,32
0,25,30,10,10,4,25,30,10,10,4,32
0,26,10,10,10,4,26,10,10,10,4,32
0,26,14,10,10,4,26,14,10,10,4,32
0,29.9,30,10,10,4,29.9,30,10,10,4,32
0,29.9,30,10,10,4,29.9,30,10,10,4,32
0,30,25,10,10,4,30,25,10,10,2,32
0,30,20,10,10,4,30,15,10,10,4,32
0,30,15,10,10,4,30,10,10,10,4,32
0,30,29.9,10,10,4,30,20,10,10,4,32
0,30,10,10,10,4,30,29.9,10,10,4,32
0,31,3,10,10,0,31,3,10,10,3,32
0,31,3,10,10,0,31,3,10,10,2,32
0,10,10,1,13,1,10,10,1,13,4,33
0,10,10,2,2,4,10,10,2,2,4,33
0,10,10,2,18,1,10,10,2,18,4,33
0,10,10,4,16,2,10,10,4,16,3,33
0,10,10,6,22,0,10,10,6,22,2,33
0,10,10,7,11,2,10,10,7,11,4,33
0,10,10,8,16,1,10,10,8,16,1,33
0,10,10,10,18,0,10,10,10,30,2,33
0,10,10,10,22,0,10,10,10,18,0,33
0,10,10,10,30,2,10,10,10,22,2,33
0,10,10,11,8,1,10,10,11,8,3,33
0,10,10,12,3,-1,10,10,12,3,2,33
0,10,10,14,6,0,10,10,14,6,1,33
0,10,10,16,8,-1,10,10,16,8,-3,33
0,10,10,17,3,-3,10,10,17,3,-1,33
0,10,10,18,10,-2,10,10,18,18,2,33
0,10,10,18,18,-3,10,10,18,10,-1,33
0,10,10,20,30,-4,10,10,20,30,-4,33
0,10,10,22,12,-4,10,10,22,12,-2,33
0,10,10,25,30,-4,10,10,25,30,-4,33
0,10,10,29.9,30,-4,10,10,29.9,30,-4,33
0,10,10,30,15,-4,10,10,30,15,-4,33
0,10,10,30,25,-4,10,10,30,25,-4,33
0,10,10,31,3,-4,10,10,31,3,-2,33
0,1,13,10,10,-4,1,13,10,10,-4,33
0,1,13,10,10,-4,1,13,10,10,-4,33
0,2,2,10,10,-4,2,2,10,10,-4,33
0,2,18,10,10,-4,2,18,10,10,-4,33
0,4,12,10,10,-4,4,28,10,10,-4,33
0,4,28,10,10,-4,4,12,10,10,-4,33
0,4,16,10,10,-4,4,16,10,10,-4,33
0,6,22,10,10,-3,6,22,10,10,-4,33
0,7,11,10,10,-2,7,11,10,10,-2,33
0,7,11,10,10,-2,7,13,10,10,-4,33
0,7,13,10,10,-3,7,11,10,10,-4,33
0,8,16,10,10,-1,8,16,10,10,-4,33
0,10,18,10,10,0,10,18,10,10,-1,33
0,10,22,10,10,0,10,26,10,10,1,33
0,10,30,10,10,0,10,22,10,10,-2,33
0,10,18,10,10,0,10,18,10,10,0,33
0,10,26,10,10,0,10,30,10,10,0,33
0,11,6,10,10,1,11,8,10,10,1,33
0,11,8,10,10,1,11,6,10,10,2,33
0,11,8,10,10,1,11,8,10,10,2,33
0,12,3,10,10,2,12,22,10,10,2,33
0,12,18,10,10,1,12,8,10,10,2,33
0,12,8,10,10,2,12,3,10,10,2,33
0,12,22,10,10,2,12,18,10,10,2,33
0,14,26,10,10,2,14,6,10,10,3,33
0,14,6,10,10,2,14,26,10,10,4,33
0,15,30,10,10,2,15,30,10,10,1,33
0,16,8,10,10,2,16,8,10,10,3,33
0,17,3,10,10,3,17,3,10,10,4,33
0,18,10,10,10,3,18,10,10,10,3,33
0,18,18,10,10,2,18,12,10,10,4,33
0,18,12,10,10,3,18,18,10,10,2,33
0,20,30,10,10,4,20,30,10,10,3,33
0,22,6,10,10,4,22,12,10,10,4,33
0,22,10,10,10,4,22,6,10,10,4,33
0,22,12,10,10,4,22,10,10,10,4,33
0,25,30,10,10,4,25,30,10,10,4,33
0,26,14,10,10,4,26,10,10,10,4,33
0,26,10,10,10,4,26,14,10,10,4,33
0,29.9,30,10,10,4,29.9,30,10,10,4,33
0,29.9,30,10,10,4,29.9,30,10,10,4,33
0,30,10,10,10,4,30,10,10,10,4,33
0,30,25,10,10,4,30,15,10,10,4,33
0,30,15,10,10,4,30,25,10,10,4,33
0,30,20,10,10,4,30,20,10,10,4,33
0,30,29.9,10,10,4,30,29.9,10,10,4,33
0,31,3,10,10,4,31,3,10,10,4,33
0,31,3,10,10,4,31,3,10,10,4,33
0,10,10,1,13,1,10,10,1,13,2,34
0,10,10,2,2,3,10,10,2,2,2,34
0,10,10,2,18,2,10,10,2,18,0,34
0,10,10,4,16,3,10,10,4,16,0,34
0,10,10,6,22,2,10,10,6,22,1,34
0,10,10,7,11,2,10,10,7,11,0,34
0,10,10,8,16,3,10,10,8,16,0,34
0,10,10,10,18,3,10,10,10,30,1,34
0,10,10,10,22,1,10,10,10,22,1,34
0,10,10,10,30,2,10,10,10,18,1,34
0,10,10,11,8,2,10,10,11,8,0,34
0,10,10,12,3,3,10,10,12,3,-1,34
0,10,10,14,6,0,10,10,14,6,-1,34
0,10,10,16,8,1,10,10,16,8,0,34
0,10,10,17,3,-1,10,10,17,3,-1,34
0,10,10,18,18,1,10,10,18,18,0,34
0,10,10,18,10,0,10,10,18,10,-2,34
0,10,10,20,30,3,10,10,20,30,-1,34
0,10,10,22,12,3,10,10,22,12,-1,34
0,10,10,25,30,3,10,10,25,30,0,34
0,10,10,29.9,30,2,10,10,29.9,30,-2,34
0,10,10,30,15,1,10,10,30,15,-2,34
0,10,10,30,25,0,10,10,30,25,-2,34
0,10,10,31,3,0,10,10,31,3,0,34
0,1,13,10,10,1,1,13,10,10,-3,34
0,1,13,10,10,0,1,13,10,10,-3,34
0,2,2,10,10,0,2,2,10,10,-2,34
0,2,18,10,10,-2,2,18,10,10,-2,34
0,4,12,10,10,-2,4,16,10,10,-2,34
0,4,28,10,10,-2,4,12,10,10,-1,34
0,4,16,10,10,-2,4,28,10,10,-2,34
0,6,22,10,10,-2,6,22,10,10,-2,34
0,7,13,10,10,2,7,13,10,10,-1,34
0,7,11,10,10,-2,7,11,10,10,-1,34
0,7,11,10,10,-1,7,11,10,10,-1,34
0,8,16,10,10,0,8,16,10,10,-1,34
0,10,18,10,10,1,10,26,10,10,-2,34
0,10,22,10,10,-1,10,18,10,10,0,34
0,10,26,10,10,-1,10,30,10,10,-2,34
0,10,18,10,10,-1,10,18,10,10,-1,34
0,10,30,10,10,-2,10,22,10,10,-2,34
0,11,6,10,10,2,11,8,10,10,1,34
0,11,8,10,10,1,11,6,10,10,1,34
0,11,8,10,10,1,11,8,10,10,1,34
0,12,3,10,10,1,12,8,10,10,0,34
0,12,8,10,10,1,12,18,10,10,1,34
0,12,22,10,10,-1,12,22,10,10,-1,34
0,12,18,10,10,1,12,3,10,10,1,34
0,14,26,10,10,-1,14,6,10,10,2,34
0,14,6,10,10,1,14,26,10,10,-3,34
0,15,30,10,10,1,15,30,10,10,-2,34
0,16,8,10,10,2,16,8,10,10,2,34
0,17,3,10,10,1,17,3,10,10,2,34
0,18,12,10,10,1,18,10,10,10,2,34
0,18,10,10,10,2,18,12,10,10,2,34
0,18,18,10,10,2,18,18,10,10,1,34
0,20,30,10,10,1,20,30,10,10,0,34
0,22,6,10,10,3,22,12,10,10,2,34
0,22,10,10,10,2,22,10,10,10,2,34
0,22,12,10,10,2,22,6,10,10,2,34
0,25,30,10,10,-1,25,30,10,10,-1,34
0,26,10,10,10,3,26,14,10,10,2,34
0,26,14,10,10,3,26,10,10,10,2,34
0,29.9,30,10,10,1,29.9,30,10,10,1,34
0,29.9,30,10,10,2,29.9,30,10,10,1,34
0,30,10,10,10,3,30,10,10,10,2,34
0,30,29.9,10,10,2,30,29.9,10,10,2,34
0,30,25,10,10,2,30,15,10,10,3,34
0,30,15,10,10,3,30,20,10,10,2,34
0,30,20,10,10,3,30,25,10,10,2,34
0,31,3,10,10,4,31,3,10,10,3,34
0,31,3,10,10,3,31,3,10,10,2,34
0,10,10,1,13,4,10,10,1,13,4,35
0,10,10,2,2,4,10,10,2,18,4,35
0,10,10,2,18,4,10,10,2,2,4,35
0,10,10,4,16,4,10,10,4,16,4,35
0,10,10,6,22,4,10,10,6,22,4,35
0,10,10,7,11,3,10,10,7,11,4,35
0,10,10,8,16,4,10,10,8,16,4,35
0,10,10,10,30,3,10,10,10,30,4,35
0,10,10,10,18,3,10,10,10,22,4,35
0,10,10,10,22,3,10,10,10,18,3,35
0,10,10,11,8,4,10,10,11,8,4,35
0,10,10,12,3,4,10,10,12,3,4,35
0,10,10,14,6,4,10,10,14,6,4,35
0,10,10,16,8,4,10,10,16,8,4,35
0,10,10,17,3,4,10,10,17,3,4,35
0,10,10,18,10,3,10,10,18,18,1,35
0,10,10,18,18,2,10,10,18,10,4,35
0,10,10,20,30,3,10,10,20,30,4,35
0,10,10,22,12,3,10,10,22,12,4,35
0,10,10,25,30,3,10,10,25,30,3,35
0,10,10,29.9,30,2,10,10,29.9,30,4,35
0,10,10,30,25,3,10,10,30,25,4,35
0,10,10,30,15,4,10,10,30,15,3,35
0,10,10,31,3,3,10,10,31,3,4,35
0,1,13,10,10,-2,1,13,10,10,0,35
0,1,13,10,10,0,1,13,10,10,-2,35
0,2,2,10,10,0,2,2,10,10,-2,35
0,2,18,10,10,0,2,18,10,10,-1,35
0,4,16,10,10,-1,4,28,10,10,-2,35
0,4,12,10,10,0,4,12,10,10,-1,35
0,4,28,10,10,1,4,16,10,10,-2,35
0,6,22,10,10,0,6,22,10,10,-1,35
0,7,11,10,10,2,7,11,10,10,0,35
0,7,11,10,10,1,7,13,10,10,-1,35
0,7,13,10,10,0,7,11,10,10,0,35
0,8,16,10,10,-1,8,16,10,10,0,35
0,10,26,10,10,2,10,22,10,10,1,35
0,10,18,10,10,3,10,26,10,10,-1,35
0,10,22,10,10,4,10,18,10,10,-1,35
0,10,18,10,10,4,10,30,10,10,0,35
0,10,30,10,10,4,10,18,10,10,3,35
0,11,8,10,10,1,11,8,10,10,2,35
0,11,6,10,10,0,11,8,10,10,2,35
0,11,8,10,10,1,11,6,10,10,0,35
0,12,18,10,10,3,12,22,10,10,3,35
0,12,8,10,10,1,12,3,10,10,-2,35
0,12,3,10,10,-1,12,8,10,10,0,35
0,12,22,10,10,4,12,18,10,10,1,35
0,14,6,10,10,0,14,6,10,10,-1,35
0,14,26,10,10,4,14,26,10,10,0,35
0,15,30,10,10,-1,15,30,10,10,0,35
0,16,8,10,10,1,16,8,10,10,1,35
0,17,3,10,10,0,17,3,10,10,-1,35
0,18,10,10,10,3,18,10,10,10,2,35
0,18,12,10,10,4,18,18,10,10,3,35
0,18,18,10,10,4,18,12,10,10,0,35
0,20,30,10,10,4,20,30,10,10,2,35
0,22,6,10,10,-2,22,12,10,10,-2,35
0,22,12,10,10,1,22,6,10,10,-1,35
0,22,10,10,10,4,22,10,10,10,0,35
0,25,30,10,10,4,25,30,10,10,0,35
0,26,10,10,10,0,26,14,10,10,0,35
0,26,14,10,10,3,26,10,10,10,0,35
0,29.9,30,10,10,3,29.9,30,10,10,3,35
0,29.9,30,10,10,4,29.9,30,10,10,3,35
0,30,20,10,10,3,30,25,10,10,2,35
0,30,15,10,10,2,30,10,10,10,2,35
0,30,10,10,10,0,30,29.9,10,10,3,35
0,30,25,10,10,4,30,20,10,10,1,35
0,30,29.9,10,10,4,30,15,10,10,-1,35
0,31,3,10,10,-1,31,3,10,10,-2,35
0,31,3,10,10,-2,31,3,10,10,0,35
0,10,10,1,13,2,10,10,1,13,2,36
0,10,10,2,2,3,10,10,2,18,2,36
0,10,10,2,18,2,10,10,2,2,2,36
0,10,10,4,16,2,10,10,4,16,2,36
0,10,10,6,22,2,10,10,6,22,2,36
0,10,10,7,11,3,10,10,7,11,2,36
0,10,10,8,16,2,10,10,8,16,1,36
0,10,10,10,22,2,10,10,10,30,0,36
0,10,10,10,30,0,10,10,10,22,1,36
0,10,10,10,18,0,10,10,10,18,-1,36
0,10,10,11,8,-1,10,10,11,8,-2,36
0,10,10,12,3,-1,10,10,12,3,-1,36
0,10,10,14,6,-1,10,10,14,6,-3,36
0,10,10,16,8,-1,10,10,16,8,-2,36
0,10,10,17,3,0,10,10,17,3,-2,36
0,10,10,18,10,2,10,10,18,10,-1,36
0,10,10,18,18,-2,10,10,18,18,-2,36
0,10,10,20,30,-1,10,10,20,30,-2,36
0,10,10,22,12,-1,10,10,22,12,-2,36
0,10,10,25,30,-2,10,10,25,30,-2,36
0,10,10,29.9,30,-2,10,10,29.9,30,-2,36
0,10,10,30,25,-2,10,10,30,25,-2,36
0,10,10,30,15,-2,10,10,30,15,-2,36
0,10,10,31,3,2,10,10,31,3,-2,36
0,1,13,10,10,-2,1,13,10,10,-3,36
0,1,13,10,10,-2,1,13,10,10,-4,36
0,2,2,10,10,-2,2,2,10,10,-2,36
0,2,18,10,10,-2,2,18,10,10,-2,36
0,4,16,10,10,-1,4,12,10,10,-2,36
0,4,12,10,10,-2,4,16,10,10,1,36
0,4,28,10,10,-2,4,28,10,10,-2,36
0,6,22,10,10,-1,6,22,10,10,-1,36
0,7,11,10,10,-1,7,11,10,10,-3,36
0,7,11,10,10,-2,7,11,10,10,-2,36
0,7,13,10,10,-2,7,13,10,10,-2,36
0,8,16,10,10,-1,8,16,10,10,-2,36
0,10,26,10,10,-2,10,18,10,10,0,36
0,10,22,10,10,2,10,30,10,10,-1,36
0,10,18,10,10,1,10,22,10,10,-1,36
0,10,30,10,10,1,10,26,10,10,-1,36
0,10,18,10,10,0,10,18,10,10,-1,36
0,11,8,10,10,1,11,8,10,10,1,36
0,11,6,10,10,1,11,6,10,10,2,36
0,11,8,10,10,1,11,8,10,10,2,36
0,12,22,10,10,2,12,8,10,10,2,36
0,12,18,10,10,2,12,22,10,10,1,36
0,12,8,10,10,1,12,18,10,10,2,36
0,12,3,10,10,0,12,3,10,10,2,36
0,14,26,10,10,3,14,26,10,10,2,36
0,14,6,10,10,1,14,6,10,10,1,36
0,15,30,10,10,2,15,30,10,10,1,36
0,16,8,10,10,1,16,8,10,10,2,36
0,17,3,10,10,1,17,3,10,10,1,36
0,18,10,10,10,1,18,10,10,10,2,36
0,18,12,10,10,1,18,12,10,10,2,36
0,18,18,10,10,2,18,18,10,10,2,36
0,20,30,10,10,1,20,30,10,10,2,36
0,22,10,10,10,3,22,6,10,10,2,36
0,22,12,10,10,2,22,10,10,10,2,36
0,22,6,10,10,2,22,12,10,10,2,36
0,25,30,10,10,2,25,30,10,10,2,36
0,26,14,10,10,1,26,10,10,10,1,36
0,26,10,10,10,1,26,14,10,10,2,36
0,29.9,30,10,10,2,29.9,30,10,10,2,36
0,29.9,30,10,10,2,29.9,30,10,10,2,36
0,30,15,10,10,3,30,29.9,10,10,2,36
0,30,29.9,10,10,3,30,20,10,10,2,36
0,30,20,10,10,2,30,10,10,10,2,36
0,30,25,10,10,2,30,25,10,10,2,36
0,30,10,10,10,2,30,15,10,10,3,36
0,31,3,10,10,0,31,3,10,10,2,36
0,31,3,10,10,1,31,3,10,10,2,36
0,10,10,1,13,0,10,10,1,13,0,37
0,10,10,2,2,0,10,10,2,2,0,37
0,10,10,2,18,0,10,10,2,18,0,37
0,10,10,4,16,0,10,10,4,16,0,37
0,10,10,6,22,0,10,10,6,22,0,37
0,10,10,7,11,0,10,10,7,11,0,37
0,10,10,8,16,0,10,10,8,16,0,37
0,10,10,10,18,0,10,10,10,22,0,37
0,10,10,10,22,0,10,10,10,18,0,37
0,10,10,10,30,0,10,10,10,30,0,37
0,10,10,11,8,0,10,10,11,8,0,37
0,10,10,12,3,0,10,10,12,3,0,37
0,10,10,14,6,0,10,10,14,6,0,37
0,10,10,16,8,0,10,10,16,8,0,37
0,10,10,17,3,0,10,10,17,3,0,37
0,10,10,18,10,0,10,10,18,10,0,37
0,10,10,18,18,0,10,10,18,18,0,37
0,10,10,20,30,0,10,10,20,30,0,37
0,10,10,22,12,0,10,10,22,12,0,37
0,10,10,25,30,0,10,10,25,30,0,37
0,10,10,29.9,30,0,10,10,29.9,30,0,37
0,10,10,30,15,0,10,10,30,15,0,37
0,10,10,30,25,0,10,10,30,25,0,37
0,10,10,31,3,0,10,10,31,3,0,37
0,1,13,10,10,-2,1,13,10,10,-3,37
0,1,13,10,10,-2,1,13,10,10,-3,37
0,2,18,10,10,-1,2,18,10,10,-2,37
0,2,2,10,10,-4,2,2,10,10,-4,37
0,4,16,10,10,-2,4,12,10,10,-2,37
0,4,12,10,10,-2,4,16,10,10,-2,37
0,4,28,10,10,-2,4,28,10,10,-2,37
0,6,22,10,10,-1,6,22,10,10,-1,37
0,7,11,10,10,-1,7,11,10,10,-2,37
0,7,11,10,10,-1,7,11,10,10,-1,37
0,7,13,10,10,-1,7,13,10,10,-1,37
0,8,16,10,10,-1,8,16,10,10,-1,37
0,10,26,10,10,3,10,18,10,10,4,37
0,10,18,10,10,3,10,22,10,10,2,37
0,10,18,10,10,2,10,26,10,10,3,37
0,10,30,10,10,2,10,18,10,10,3,37
0,10,22,10,10,2,10,30,10,10,3,37
0,11,8,10,10,1,11,8,10,10,1,37
0,11,8,10,10,1,11,8,10,10,1,37
0,11,6,10,10,1,11,6,10,10,1,37
0,12,18,10,10,3,12,3,10,10,1,37
0,12,3,10,10,1,12,8,10,10,1,37
0,12,8,10,10,1,12,22,10,10,4,37
0,12,22,10,10,2,12,18,10,10,2,37
0,14,6,10,10,1,14,26,10,10,4,37
0,14,26,10,10,4,14,6,10,10,2,37
0,15,30,10,10,4,15,30,10,10,4,37
0,16,8,10,10,1,16,8,10,10,4,37
0,17,3,10,10,1,17,3,10,10,2,37
0,18,12,10,10,4,18,12,10,10,4,37
0,18,18,10,10,4,18,18,10,10,4,37
0,18,10,10,10,2,18,10,10,10,3,37
0,20,30,10,10,4,20,30,10,10,4,37
0,22,10,10,10,2,22,10,10,10,2,37
0,22,12,10,10,4,22,6,10,10,2,37
0,22,6,10,10,1,22,12,10,10,3,37
0,25,30,10,10,4,25,30,10,10,4,37
0,26,14,10,10,4,26,10,10,10,4,37
0,26,10,10,10,2,26,14,10,10,3,37
0,29.9,30,10,10,4,29.9,30,10,10,4,37
0,29.9,30,10,10,4,29.9,30,10,10,4,37
0,30,29.9,10,10,4,30,29.9,10,10,4,37
0,30,25,10,10,4,30,15,10,10,4,37
0,30,15,10,10,4,30,25,10,10,4,37
0,30,10,10,10,2,30,10,10,10,3,37
0,30,20,10,10,4,30,20,10,10,4,37
0,31,3,10,10,1,31,3,10,10,3,37
0,31,3,10,10,1,31,3,10,10,2,37
0,10,10,1,13,2,10,10,1,13,2,39
0,10,10,2,18,1,10,10,2,2,2,39
0,10,10,2,2,1,10,10,2,18,1,39
0,10,10,4,16,3,10,10,4,16,1,39
0,10,10,6,22,-3,10,10,6,22,0,39
0,10,10,7,11,0,10,10,7,11,1,39
0,10,10,8,16,0,10,10,8,16,0,39
0,10,10,10,18,-1,10,10,10,18,-1,39
0,10,10,10,30,-3,10,10,10,30,-2,39
0,10,10,10,22,-3,10,10,10,22,-1,39
0,10,10,11,8,0,10,10,11,8,0,39
0,10,10,12,3,0,10,10,12,3,0,39
0,10,10,14,6,0,10,10,14,6,-1,39
0,10,10,16,8,0,10,10,16,8,-1,39
0,10,10,17,3,-1,10,10,17,3,-1,39
0,10,10,18,18,-2,10,10,18,10,-2,39
0,10,10,18,10,-2,10,10,18,18,-2,39
0,10,10,20,30,-3,10,10,20,30,-2,39
0,10,10,22,12,-3,10,10,22,12,-3,39
0,10,10,25,30,-4,10,10,25,30,-4,39
0,10,10,29.9,30,-2,10,10,29.9,30,-4,39
0,10,10,30,15,-3,10,10,30,25,-4,39
0,10,10,30,25,-4,10,10,30,15,-4,39
0,10,10,31,3,-3,10,10,31,3,-4,39
0,1,13,10,10,-2,1,13,10,10,-1,39
0,1,13,10,10,-2,1,13,10,10,-4,39
0,2,18,10,10,-2,2,18,10,10,-1,39
0,2,2,10,10,-4,2,2,10,10,-3,39
0,4,12,10,10,-3,4,28,10,10,1,39
0,4,28,10,10,0,4,12,10,10,-2,39
0,4,16,10,10,0,4,16,10,10,-2,39
0,6,22,10,10,0,6,22,10,10,1,39
0,7,13,10,10,0,7,11,10,10,0,39
0,7,11,10,10,-2,7,13,10,10,0,39
0,7,11,10,10,-1,7,11,10,10,-1,39
0,8,16,10,10,1,8,16,10,10,0,39
0,10,30,10,10,3,10,30,10,10,3,39
0,10,22,10,10,2,10,18,10,10,0,39
0,10,18,10,10,3,10,18,10,10,1,39
0,10,18,10,10,3,10,22,10,10,1,39
0,10,26,10,10,4,10,26,10,10,4,39
0,11,8,10,10,0,11,6,10,10,-1,39
0,11,8,10,10,0,11,8,10,10,0,39
0,11,6,10,10,-1,11,8,10,10,0,39
0,12,8,10,10,0,12,3,10,10,-1,39
0,12,18,10,10,2,12,18,10,10,2,39
0,12,3,10,10,0,12,8,10,10,0,39
0,12,22,10,10,4,12,22,10,10,3,39
0,14,26,10,10,2,14,26,10,10,4,39
0,14,6,10,10,0,14,6,10,10,1,39
0,15,30,10,10,0,15,30,10,10,2,39
0,16,8,10,10,1,16,8,10,10,1,39
0,17,3,10,10,1,17,3,10,10,2,39
0,18,12,10,10,3,18,18,10,10,2,39
0,18,10,10,10,2,18,12,10,10,1,39
0,18,18,10,10,1,18,10,10,10,3,39
0,20,30,10,10,4,20,30,10,10,4,39
0,22,12,10,10,2,22,6,10,10,3,39
0,22,10,10,10,2,22,10,10,10,4,39
0,22,6,10,10,3,22,12,10,10,2,39
0,25,30,10,10,4,25,30,10,10,4,39
0,26,10,10,10,3,26,10,10,10,4,39
0,26,14,10,10,4,26,14,10,10,3,39
0,29.9,30,10,10,4,29.9,30,10,10,4,39
0,29.9,30,10,10,4,29.9,30,10,10,4,39
0,30,25,10,10,4,30,29.9,10,10,4,39
0,30,15,10,10,4,30,15,10,10,4,39
0,30,10,10,10,4,30,10,10,10,2,39
0,30,20,10,10,4,30,25,10,10,4,39
0,30,29.9,10,10,4,30,20,10,10,4,39
0,31,3,10,10,4,31,3,10,10,4,39
0,31,3,10,10,3,31,3,10,10,4,39
0,10,10,1,13,4,10,10,1,13,4,40
0,10,10,2,2,4,10,10,2,18,2,40
0,10,10,2,18,2,10,10,2,2,4,40
0,10,10,4,16,1,10,10,4,16,2,40
0,10,10,6,22,1,10,10,6,22,2,40
0,10,10,7,11,3,10,10,7,11,3,40
0,10,10,8,16,2,10,10,8,16,1,40
0,10,10,10,30,-1,10,10,10,30,-1,40
0,10,10,10,22,0,10,10,10,22,0,40
0,10,10,10,18,0,10,10,10,18,0,40
0,10,10,11,8,2,10,10,11,8,0,40
0,10,10,12,3,1,10,10,12,3,0,40
0,10,10,14,6,1,10,10,14,6,-1,40
0,10,10,16,8,0,10,10,16,8,-2,40
0,10,10,17,3,-2,10,10,17,3,-2,40
0,10,10,18,10,-2,10,10,18,10,-2,40
0,10,10,18,18,-4,10,10,18,18,-4,40
0,10,10,20,30,-4,10,10,20,30,-3,40
0,10,10,22,12,-4,10,10,22,12,-4,40
0,10,10,25,30,-4,10,10,25,30,-4,40
0,10,10,29.9,30,-4,10,10,29.9,30,-4,40
0,10,10,30,25,-4,10,10,30,25,-4,40
0,10,10,30,15,-3,10,10,30,15,-3,40
0,10,10,31,3,-3,10,10,31,3,-3,40
0,1,13,10,10,-3,1,13,10,10,-4,40
0,1,13,10,10,-2,1,13,10,10,-4,40
0,2,2,10,10,-4,2,2,10,10,-4,40
0,2,18,10,10,-3,2,18,10,10,-3,40
0,4,28,10,10,-3,4,12,10,10,-4,40
0,4,16,10,10,-3,4,28,10,10,-4,40
0,4,12,10,10,-3,4,16,10,10,-1,40
0,6,22,10,10,-1,6,22,10,10,-2,40
0,7,11,10,10,-1,7,11,10,10,-1,40
0,7,11,10,10,-1,7,11,10,10,-1,40
0,7,13,10,10,-1,7,13,10,10,-2,40
0,8,16,10,10,2,8,16,10,10,-1,40
0,10,26,10,10,3,10,22,10,10,2,40
0,10,22,10,10,4,10,18,10,10,2,40
0,10,18,10,10,3,10,30,10,10,1,40
0,10,18,10,10,3,10,26,10,10,2,40
0,10,30,10,10,3,10,18,10,10,0,40
0,11,8,10,10,4,11,8,10,10,2,40
0,11,6,10,10,2,11,6,10,10,1,40
0,11,8,10,10,4,11,8,10,10,1,40
0,12,18,10,10,4,12,22,10,10,3,40
0,12,22,10,10,3,12,18,10,10,3,40
0,12,8,10,10,2,12,8,10,10,-1,40
0,12,3,10,10,1,12,3,10,10,1,40
0,14,26,10,10,3,14,26,10,10,0,40
0,14,6,10,10,1,14,6,10,10,2,40
0,15,30,10,10,4,15,30,10,10,3,40
0,16,8,10,10,1,16,8,10,10,4,40
0,17,3,10,10,2,17,3,10,10,2,40
0,18,10,10,10,3,18,18,10,10,4,40
0,18,12,10,10,4,18,10,10,10,4,40
0,18,18,10,10,4,18,12,10,10,3,40
0,20,30,10,10,4,20,30,10,10,4,40
0,22,12,10,10,4,22,6,10,10,4,40
0,22,10,10,10,4,22,10,10,10,4,40
0,22,6,10,10,2,22,12,10,10,4,40
0,25,30,10,10,4,25,30,10,10,4,40
0,26,14,10,10,4,26,10,10,10,4,40
0,26,10,10,10,4,26,14,10,10,4,40
0,29.9,30,10,10,4,29.9,30,10,10,4,40
0,29.9,30,10,10,4,29.9,30,10,10,3,40
0,30,20,10,10,4,30,10,10,10,3,40
0,30,10,10,10,4,30,25,10,10,3,40
0,30,29.9,10,10,4,30,15,10,10,4,40
0,30,15,10,10,4,30,29.9,10,10,4,40
0,30,25,10,10,4,30,20,10,10,3,40
0,31,3,10,10,3,31,3,10,10,4,40
0,31,3,10,10,2,31,3,10,10,3,40
0,10,10,1,13,3,10,10,1,13,1,41
0,10,10,2,18,1,10,10,2,2,1,41
0,10,10,2,2,2,10,10,2,18,2,41
0,10,10,4,16,2,10,10,4,16,1,41
0,10,10,6,22,0,10,10,6,22,1,41
0,10,10,7,11,2,10,10,7,11,1,41
0,10,10,8,16,2,10,10,8,16,1,41
0,10,10,10,18,1,10,10,10,18,1,41
0,10,10,10,30,1,10,10,10,30,-1,41
0,10,10,10,22,0,10,10,10,22,1,41
0,10,10,11,8,0,10,10,11,8,0,41
0,10,10,12,3,-1,10,10,12,3,0,41
0,10,10,14,6,-1,10,10,14,6,-2,41
0,10,10,16,8,-1,10,10,16,8,-1,41
0,10,10,17,3,-1,10,10,17,3,0,41
0,10,10,18,18,-1,10,10,18,10,0,41
0,10,10,18,10,0,10,10,18,18,-1,41
0,10,10,20,30,-1,10,10,20,30,0,41
0,10,10,22,12,-1,10,10,22,12,-2,41
0,10,10,25,30,-1,10,10,25,30,-2,41
0,10,10,29.9,30,0,10,10,29.9,30,-1,41
0,10,10,30,15,0,10,10,30,25,-2,41
0,10,10,30,25,-1,10,10,30,15,-1,41
0,10,10,31,3,-1,10,10,31,3,-1,41
0,1,13,10,10,-2,1,13,10,10,-1,41
0,1,13,10,10,-2,1,13,10,10,-3,41
0,2,18,10,10,-3,2,18,10,10,-2,41
0,2,2,10,10,-2,2,2,10,10,-1,41
0,4,12,10,10,-1,4,28,10,10,-2,41
0,4,28,10,10,-3,4,12,10,10,-2,41
0,4,16,10,10,1,4,16,10,10,-2,41
0,6,22,10,10,-1,6,22,10,10,-2,41
0,7,13,10,10,-1,7,11,10,10,-2,41
0,7,11,10,10,-1,7,13,10,10,0,41
0,7,11,10,10,-1,7,11,10,10,-1,41
0,8,16,10,10,-1,8,16,10,10,-2,41
0,10,30,10,10,0,10,30,10,10,-3,41
0,10,22,10,10,0,10,18,10,10,-1,41
0,10,18,10,10,0,10,18,10,10,0,41
0,10,18,10,10,0,10,22,10,10,-1,41
0,10,26,10,10,1,10,26,10,10,0,41
0,11,8,10,10,2,11,6,10,10,1,41
0,11,8,10,10,1,11,8,10,10,1,41
0,11,6,10,10,1,11,8,10,10,1,41
0,12,8,10,10,2,12,3,10,10,2,41
0,12,18,10,10,1,12,18,10,10,1,41
0,12,3,10,10,2,12,8,10,10,1,41
0,12,22,10,10,1,12,22,10,10,1,41
0,14,26,10,10,0,14,26,10,10,2,41
0,14,6,10,10,1,14,6,10,10,1,41
0,15,30,10,10,0,15,30,10,10,1,41
0,16,8,10,10,3,16,8,10,10,2,41
0,17,3,10,10,2,17,3,10,10,2,41
0,18,12,10,10,2,18,18,10,10,3,41
0,18,10,10,10,2,18,12,10,10,1,41
0,18,18,10,10,2,18,10,10,10,3,41
0,20,30,10,10,2,20,30,10,10,2,41
0,22,12,10,10,2,22,6,10,10,1,41
0,22,10,10,10,2,22,10,10,10,2,41
0,22,6,10,10,1,22,12,10,10,3,41
0,25,30,10,10,1,25,30,10,10,2,41
0,26,10,10,10,2,26,10,10,10,2,41
0,26,14,10,10,-1,26,14,10,10,3,41
0,29.9,30,10,10,3,29.9,30,10,10,3,41
0,29.9,30,10,10,2,29.9,30,10,10,3,41
0,30,25,10,10,3,30,29.9,10,10,2,41
0,30,15,10,10,2,30,15,10,10,2,41
0,30,10,10,10,3,30,10,10,10,1,41
0,30,20,10,10,2,30,25,10,10,2,41
0,30,29.9,10,10,4,30,20,10,10,3,41
0,31,3,10,10,3,31,3,10,10,2,41
0,31,3,10,10,2,31,3,10,10,2,41
