0,1,1,1,13,1,1,13,1,1,13,1,1,13,1
0,1,2,2,2,1,2,2,1,2,2,1,2,2,1
0,1,3,2,18,1,2,18,1,2,18,1,2,18,1
0,1,4,4,12,1,4,28,1,4,28,1,4,16,1
0,1,5,4,16,1,4,12,1,4,16,1,4,12,1
0,1,6,4,28,0,4,16,1,4,12,1,4,28,1
0,1,7,6,22,1,6,22,1,6,22,1,6,22,1
0,1,8,6,22,1,6,22,1,6,22,1,6,22,1
0,1,9,7,13,1,7,22,1,7,22,1,7,13,1
0,1,10,7,22,0,7,13,1,7,13,1,7,22,1
0,1,11,8,4,1,8,16,1,8,16,1,8,4,1
0,1,12,8,16,1,8,4,1,8,4,1,8,16,1
0,1,13,9,17,0,9,17,0,9,18,1,9,17,1
0,1,14,9,18,0,9,18,1,9,17,1,9,18,1
0,1,15,10,5,1,10,30,0,10,26,1,10,5,1
0,1,16,10,15,0,10,26,0,10,15,0,10,18,0
0,1,17,10,18,0,10,5,1,10,30,0,10,26,0
0,1,18,10,22,0,10,18,0,10,5,1,10,22,0
0,1,19,10,26,0,10,15,0,10,22,0,10,30,0
0,1,20,10,30,0,10,22,0,10,18,0,10,15,0
0,1,21,11,6,1,11,8,0,11,8,0,11,8,0
0,1,22,11,6,1,11,6,0,11,7,0,11,6,0
0,1,23,11,7,1,11,22,0,11,6,0,11,22,0
0,1,24,11,8,0,11,8,0,11,22,0,11,8,0
0,1,25,11,8,0,11,6,0,11,6,0,11,7,0
0,1,26,11,22,0,11,7,0,11,8,0,11,6,0
0,1,27,12,3,1,12,7,0,12,8,0,12,3,1
0,1,28,12,3,0,12,22,0,12,18,0,12,22,0
0,1,29,12,7,0,12,3,0,12,22,0,12,7,0
0,1,30,12,8,0,12,18,0,12,7,0,12,18,0
0,1,31,12,18,0,12,3,0,12,3,0,12,8,0
0,1,32,12,22,0,12,8,0,12,3,0,12,3,0
0,1,33,13,5,0,13,5,0,13,5,0,13,5,0
0,1,34,14,3,0,14,3,1,14,3,1,14,6,0
0,1,35,14,6,0,14,6,0,14,6,0,14,6,0
0,1,36,14,6,0,14,6,0,14,6,0,14,26,0
0,1,37,14,26,0,14,26,0,14,26,0,14,3,1
0,1,38,15,8,0,15,8,0,15,30,0,15,8,0
0,1,39,15,30,0,15,30,0,15,8,0,15,30,0
0,1,40,16,8,0,16,8,0,16,8,0,16,8,0
0,1,41,17,3,0,17,3,0,17,3,0,17,3,0
0,1,42,18,10,0,18,12,0,18,12,0,18,12,0
0,1,43,18,12,0,18,18,0,18,18,0,18,18,0
0,1,44,18,18,0,18,10,0,18,10,0,18,10,0
0,1,45,20,30,0,20,30,0,20,30,0,20,30,0
0,1,46,22,6,0,22,10,0,22,10,0,22,12,0
0,1,47,22,10,0,22,6,0,22,12,0,22,10,0
0,1,48,22,12,0,22,12,0,22,6,0,22,6,0
0,2,1,1,13,1,10,26,1,10,26,0,22,10,0
0,2,2,2,2,1,11,8,1,15,8,0,7,22,1
0,2,3,2,18,1,10,15,1,10,18,1,15,8,0
0,2,4,4,16,1,10,30,1,12,3,0,6,22,1
0,2,5,4,12,1,12,8,0,11,22,0,17,3,0
0,2,6,4,28,0,12,18,0,2,18,1,4,28,1
0,2,7,6,22,0,8,16,1,16,8,0,22,6,0
0,2,8,6,22,0,12,22,0,12,3,1,12,7,0
0,2,9,7,13,1,9,18,1,14,3,0,18,12,0
0,2,10,7,22,0,11,7,0,12,8,0,9,17,0
0,2,11,8,4,1,22,10,0,15,30,0,14,3,0
0,2,12,8,16,1,9,17,1,11,7,0,13,5,0
0,2,13,9,17,0,11,6,1,6,22,1,2,2,1
0,2,14,9,18,0,15,30,0,4,12,1,11,8,0
0,2,15,10,5,1,16,8,0,11,8,0,11,6,0
0,2,16,10,18,0,14,3,0,10,22,0,2,18,1
0,2,17,10,26,0,8,4,1,14,26,0,10,30,1
0,2,18,10,22,0,2,2,1,13,5,0,12,22,0
0,2,19,10,30,0,18,12,0,11,6,0,12,3,0
0,2,20,10,15,0,11,22,0,4,16,1,4,12,1
0,2,21,11,8,1,4,28,1,12,7,0,10,26,0
0,2,22,11,6,1,1,13,1,6,22,1,11,22,0
0,2,23,11,22,0,12,7,0,12,18,0,14,6,0
0,2,24,11,8,1,12,3,0,18,10,0,7,13,1
0,2,25,11,7,1,11,6,0,7,22,1,11,8,0
0,2,26,11,6,0,18,18,0,11,6,0,11,6,0
0,2,27,12,3,1,10,5,1,11,8,0,14,6,0
0,2,28,12,22,0,15,8,0,14,6,0,20,30,0
0,2,29,12,7,0,17,3,0,20,30,0,10,5,1
0,2,30,12,18,0,7,22,1,7,13,1,10,18,0
0,2,31,12,8,0,7,13,1,22,6,0,12,18,1
0,2,32,12,3,1,13,5,0,22,12,0,18,18,0
0,2,33,13,5,0,2,18,1,18,12,0,16,8,0
0,2,34,14,6,0,20,30,0,18,18,0,9,18,1
0,2,35,14,6,0,10,22,0,9,18,0,8,16,1
0,2,36,14,26,0,4,16,1,17,3,0,12,3,1
0,2,37,14,3,1,22,12,0,10,5,1,4,16,1
0,2,38,15,8,0,11,8,0,2,2,1,14,26,0
0,2,39,15,30,0,6,22,1,9,17,0,8,4,1
0,2,40,16,8,0,18,10,0,10,30,0,22,12,0
0,2,41,17,3,0,12,3,1,4,28,1,15,30,0
0,2,42,18,12,0,14,6,0,14,6,0,10,15,0
0,2,43,18,18,0,14,6,0,22,10,0,12,8,0
0,2,44,18,10,0,4,12,1,1,13,1,18,10,0
0,2,45,20,30,0,10,18,0,8,4,1,6,22,1
0,2,46,22,12,0,22,6,0,12,22,0,1,13,1
0,2,47,22,10,0,6,22,0,10,15,0,10,22,1
0,2,48,22,6,0,14,26,0,8,16,1,11,7,0
0,3,1,12,3,1,9,18,0,18,10,0,9,18,0
0,3,2,10,26,0,10,26,0,4,16,1,13,5,1
0,3,3,15,8,0,8,4,1,22,6,0,8,16,0
0,3,4,20,30,0,10,5,1,13,5,1,22,10,0
0,3,5,6,22,0,11,8,0,2,18,1,11,7,1
0,3,6,12,18,0,11,22,0,14,6,1,11,6,1
0,3,7,10,15,0,6,22,1,1,13,1,14,6,1
0,3,8,4,12,1,12,3,1,17,3,1,11,6,1
0,3,9,22,12,0,7,13,1,22,12,0,12,7,1
0,3,10,15,30,0,10,22,0,11,8,1,11,8,1
0,3,11,4,28,1,18,10,0,15,8,1,22,6,0
0,3,12,2,18,1,22,12,0,6,22,0,14,3,1
0,3,13,11,7,1,6,22,1,12,7,1,10,22,0
0,3,14,7,13,1,10,15,0,12,3,1,2,18,1
0,3,15,7,22,0,14,3,1,10,30,0,10,30,0
0,3,16,4,16,1,14,6,0,10,18,0,9,17,1
0,3,17,11,6,1,12,7,1,10,5,1,12,22,0
0,3,18,2,2,1,4,28,1,12,3,1,12,3,1
0,3,19,18,18,0,15,8,0,11,7,1,10,18,0
0,3,20,12,8,1,11,6,1,9,18,0,11,8,1
0,3,21,8,16,0,1,13,1,20,30,0,2,2,1
0,3,22,12,3,1,22,10,0,11,6,1,11,22,0
0,3,23,13,5,1,20,30,0,12,18,0,14,26,0
0,3,24,18,12,0,11,8,1,4,12,1,20,30,0
0,3,25,16,8,0,11,7,1,10,26,0,4,16,1
0,3,26,12,22,0,10,18,0,10,15,0,10,15,0
0,3,27,10,30,0,15,30,0,12,8,1,10,26,0
0,3,28,22,10,0,7,22,1,16,8,0,12,8,1
0,3,29,12,7,1,13,5,1,7,22,0,16,8,0
0,3,30,14,3,1,14,6,1,8,16,0,4,12,1
0,3,31,11,8,1,4,16,1,11,22,0,17,3,1
0,3,32,11,22,0,4,12,1,22,10,0,18,12,0
0,3,33,11,8,1,18,18,0,15,30,0,15,8,0
0,3,34,9,18,0,12,3,1,14,6,1,15,30,0
0,3,35,11,6,1,16,8,0,7,13,1,7,13,1
0,3,36,6,22,1,9,17,0,6,22,0,22,12,0
0,3,37,14,6,1,18,12,0,11,6,1,14,6,1
0,3,38,22,6,0,10,30,0,12,22,0,7,22,0
0,3,39,9,17,0,2,2,1,4,28,1,6,22,0
0,3,40,10,5,1,14,26,0,18,18,0,10,5,1
0,3,41,18,10,0,11,6,1,18,12,0,1,13,1
0,3,42,14,6,1,12,8,1,14,3,1,12,18,0
0,3,43,10,22,0,12,18,0,8,4,1,18,18,0
0,3,44,14,26,0,22,6,0,11,8,1,18,10,0
0,3,45,8,4,1,8,16,0,14,26,0,4,28,1
0,3,46,1,13,1,17,3,1,2,2,1,12,3,1
0,3,47,17,3,1,2,18,1,9,17,0,8,4,1
0,3,48,10,18,0,12,22,0,10,22,0,6,22,0
0,4,1,16,8,0,7,13,1,10,30,0,10,26,0
0,4,2,22,12,0,14,6,0,14,6,0,14,6,0
0,4,3,4,28,1,10,5,1,11,8,0,4,16,1
0,4,4,4,12,1,8,16,1,12,7,0,14,3,0
0,4,5,9,18,1,2,18,1,8,4,1,1,13,1
0,4,6,12,22,0,20,30,0,11,22,0,10,5,1
0,4,7,13,5,0,14,6,0,10,22,0,9,17,1
0,4,8,12,8,0,10,15,0,7,22,1,7,13,1
0,4,9,8,4,1,10,22,0,11,7,0,11,22,0
0,4,10,11,6,0,10,18,0,10,26,0,13,5,0
0,4,11,22,10,0,14,26,0,1,13,1,15,30,0
0,4,12,10,18,0,12,7,0,6,22,1,10,22,0
0,4,13,20,30,0,22,12,0,9,18,1,6,22,1
0,4,14,10,15,0,9,18,1,12,22,0,10,18,0
0,4,15,18,18,0,6,22,1,18,10,0,9,18,1
0,4,16,11,8,0,17,3,0,22,6,0,20,30,0
0,4,17,14,3,0,22,6,0,22,12,0,16,8,0
0,4,18,10,5,1,12,18,0,16,8,0,17,3,0
0,4,19,9,17,1,16,8,0,14,26,0,14,6,0
0,4,20,12,7,0,22,10,0,10,5,1,18,18,0
0,4,21,10,30,0,11,6,0,11,6,0,14,26,0
0,4,22,1,13,1,11,6,0,11,6,0,11,6,0
0,4,23,18,12,0,15,30,0,12,8,0,6,22,1
0,4,24,22,6,0,12,3,0,4,28,1,4,12,1
0,4,25,7,13,1,2,2,1,4,12,1,11,6,0
0,4,26,2,2,1,4,16,1,6,22,1,12,3,0
0,4,27,10,26,0,11,22,0,10,18,0,8,4,1
0,4,28,6,22,1,12,22,0,18,12,0,12,7,0
0,4,29,15,30,0,6,22,1,7,13,1,2,2,1
0,4,30,14,6,0,11,7,0,9,17,1,7,22,1
0,4,31,2,18,1,11,8,0,14,6,0,11,8,0
0,4,32,14,26,0,8,4,1,10,15,0,11,8,0
0,4,33,18,10,0,18,12,0,17,3,0,22,12,0
0,4,34,11,8,0,18,18,0,11,8,0,22,10,0
0,4,35,7,22,1,14,3,0,15,30,0,8,16,1
0,4,36,10,22,0,9,17,1,22,10,0,2,18,1
0,4,37,8,16,1,10,26,0,8,16,1,10,30,0
0,4,38,4,16,1,13,5,0,2,18,1,12,8,0
0,4,39,6,22,1,10,30,0,14,3,0,18,12,0
0,4,40,11,22,0,18,10,0,4,16,1,18,10,0
0,4,41,12,18,0,15,8,0,2,2,1,10,15,0
0,4,42,17,3,0,4,28,1,13,5,0,11,7,0
0,4,43,14,6,0,12,3,0,20,30,0,12,22,0
0,4,44,11,6,0,7,22,1,12,18,0,22,6,0
0,4,45,11,7,1,4,12,1,15,8,0,15,8,0
0,4,46,12,3,0,12,8,0,12,3,0,12,3,0
0,4,47,15,8,0,1,13,1,12,3,0,12,18,0
0,4,48,12,3,0,11,8,0,18,18,0,4,28,1
0,5,1,14,26,0,7,13,1,11,7,0,7,13,1
0,5,2,17,3,0,12,3,0,9,18,1,9,18,1
0,5,3,12,3,0,6,22,1,13,5,0,4,28,1
0,5,4,12,18,0,18,10,0,16,8,0,7,22,1
0,5,5,14,6,0,10,22,0,2,18,1,10,30,0
0,5,6,18,12,0,10,15,0,11,22,0,11,6,0
0,5,7,10,26,0,12,8,0,8,4,1,2,2,1
0,5,8,13,5,0,10,18,0,20,30,0,11,6,0
0,5,9,2,18,1,11,8,0,18,12,0,4,12,1
0,5,10,11,8,0,10,30,0,14,3,0,9,17,1
0,5,11,11,7,0,17,3,0,1,13,1,14,26,0
0,5,12,22,6,0,12,7,0,10,22,0,18,12,0
0,5,13,10,5,1,9,17,1,4,12,1,2,18,1
0,5,14,8,16,1,10,5,1,4,16,1,8,4,1
0,5,15,7,22,1,18,18,0,10,15,0,12,7,0
0,5,16,11,6,0,6,22,1,15,30,0,12,8,0
0,5,17,10,22,0,12,3,0,22,10,0,11,8,0
0,5,18,7,13,1,11,7,0,11,8,0,1,13,1
0,5,19,16,8,0,8,16,1,18,18,0,22,6,0
0,5,20,10,15,0,10,26,0,6,22,1,13,5,0
0,5,21,11,22,0,11,6,0,11,6,0,10,15,0
0,5,22,9,18,1,12,22,0,12,3,0,18,10,0
0,5,23,8,4,1,16,8,0,15,8,0,16,8,0
0,5,24,11,8,0,8,4,1,14,6,0,10,26,0
0,5,25,20,30,0,22,10,0,12,3,0,10,22,0
0,5,26,14,6,0,9,18,1,10,5,1,8,16,1
0,5,27,4,16,1,11,8,0,18,10,0,14,3,0
0,5,28,6,22,1,14,6,0,11,8,0,4,16,1
0,5,29,11,6,0,14,6,0,12,7,0,12,3,0
0,5,30,18,10,0,22,6,0,10,26,0,12,18,0
0,5,31,14,3,0,15,8,0,11,6,0,15,30,0
0,5,32,12,8,0,13,5,0,10,30,0,11,7,0
0,5,33,4,12,1,20,30,0,7,13,1,20,30,0
0,5,34,2,2,1,14,3,0,10,18,0,18,18,0
0,5,35,10,18,0,4,12,1,2,2,1,14,6,0
0,5,36,18,18,0,18,12,0,12,18,0,6,22,1
0,5,37,12,3,0,22,12,0,17,3,0,15,8,0
0,5,38,1,13,1,12,18,0,22,6,0,10,5,0
0,5,39,22,12,0,4,16,1,6,22,1,12,22,0
0,5,40,15,30,0,2,18,1,7,22,1,10,18,0
0,5,41,15,8,0,7,22,1,14,26,0,22,10,0
0,5,42,12,7,0,11,22,0,12,8,0,11,8,0
0,5,43,4,28,1,15,30,0,9,17,1,11,22,0
0,5,44,10,30,0,14,26,0,12,22,0,17,3,0
0,5,45,12,22,0,1,13,1,4,28,1,6,22,1
0,5,46,6,22,1,11,6,1,22,12,0,14,6,0
0,5,47,22,10,0,4,28,1,14,6,0,12,3,0
0,5,48,9,17,1,2,2,1,8,16,1,22,12,0
0,6,1,22,10,0,10,26,0,2,2,1,10,26,1
0,6,2,7,22,0,15,8,0,13,5,0,11,8,0
0,6,3,15,8,0,10,18,0,11,8,0,10,15,1
0,6,4,6,22,1,12,3,0,18,12,0,10,30,0
0,6,5,17,3,0,11,22,0,4,16,1,12,8,0
0,6,6,4,28,0,2,18,1,9,17,0,12,18,0
0,6,7,22,6,0,16,8,0,14,6,0,8,16,1
0,6,8,12,7,1,12,3,0,11,6,1,12,22,1
0,6,9,18,12,0,14,3,0,7,13,1,9,18,0
0,6,10,9,17,0,12,8,0,18,18,0,11,7,0
0,6,11,14,3,1,15,30,0,8,4,1,22,10,0
0,6,12,13,5,1,11,7,1,6,22,0,9,17,0
0,6,13,2,2,1,6,22,0,12,3,0,11,6,0
0,6,14,11,8,0,4,12,1,9,18,0,15,30,0
0,6,15,11,6,1,11,8,0,10,5,1,16,8,0
0,6,16,2,18,1,10,22,0,7,22,1,14,3,0
0,6,17,10,30,0,14,26,0,11,22,0,8,4,1
0,6,18,12,22,0,13,5,0,6,22,0,2,2,1
0,6,19,12,3,1,11,6,0,14,6,0,18,12,0
0,6,20,4,12,1,4,16,1,10,18,0,11,22,0
0,6,21,10,26,0,12,7,0,12,22,0,4,28,0
0,6,22,11,22,0,6,22,0,15,8,0,1,13,1
0,6,23,14,6,0,12,18,0,22,12,0,12,7,0
0,6,24,7,13,1,18,10,0,20,30,0,12,3,0
0,6,25,11,8,1,7,22,0,14,26,0,11,6,0
0,6,26,11,6,1,11,6,0,11,8,0,18,18,0
0,6,27,14,6,1,11,8,0,14,3,1,10,5,1
0,6,28,20,30,0,14,6,0,4,12,1,15,8,0
0,6,29,10,5,1,20,30,0,1,13,1,17,3,0
0,6,30,10,18,0,7,13,1,15,30,0,7,22,0
0,6,31,12,18,0,22,6,0,12,7,0,7,13,1
0,6,32,18,18,0,22,12,0,12,18,0,13,5,0
0,6,33,16,8,0,18,12,0,12,8,0,2,18,1
0,6,34,9,18,0,18,18,0,10,26,0,20,30,0
0,6,35,8,16,1,9,18,0,12,3,1,10,22,0
0,6,36,12,3,1,17,3,0,8,16,1,4,16,1
0,6,37,4,16,1,10,5,1,2,18,1,22,12,0
0,6,38,14,26,0,2,2,1,17,3,1,11,8,0
0,6,39,8,4,1,9,17,0,10,22,0,6,22,0
0,6,40,22,12,0,10,30,0,10,30,0,18,10,0
0,6,41,15,30,0,4,28,0,22,10,0,12,3,0
0,6,42,10,15,0,14,6,0,16,8,0,14,6,0
0,6,43,12,8,0,22,10,0,11,7,0,14,6,0
0,6,44,18,10,0,1,13,1,18,10,0,4,12,1
0,6,45,6,22,1,8,4,1,10,15,0,10,18,0
0,6,46,1,13,1,12,22,0,4,28,1,22,6,0
0,6,47,10,22,0,10,15,0,22,6,0,6,22,1
0,6,48,11,7,1,8,16,1,11,6,1,14,26,0
0,7,1,10,26,1,22,10,0,10,26,1,2,2,1
0,7,2,15,8,0,7,22,1,11,8,0,13,5,0
0,7,3,10,18,1,15,8,0,10,15,0,11,8,0
0,7,4,12,3,0,6,22,1,10,30,1,18,12,0
0,7,5,11,22,0,17,3,0,12,8,0,4,16,1
0,7,6,2,18,1,4,28,1,12,18,0,9,17,1
0,7,7,16,8,0,22,6,0,8,16,1,14,6,0
0,7,8,12,3,0,12,7,0,12,22,0,11,6,0
0,7,9,14,3,0,18,12,0,9,18,1,7,13,1
0,7,10,12,8,0,9,17,1,11,7,0,18,18,0
0,7,11,15,30,0,14,3,0,22,10,0,8,4,1
0,7,12,11,7,0,13,5,0,9,17,1,6,22,1
0,7,13,6,22,1,2,2,1,11,6,0,12,3,0
0,7,14,4,12,1,11,8,0,15,30,0,9,18,1
0,7,15,11,8,0,11,6,0,16,8,0,10,5,0
0,7,16,10,22,1,2,18,1,14,3,0,7,22,1
0,7,17,14,26,0,10,30,1,8,4,1,11,22,0
0,7,18,13,5,0,12,22,0,2,2,1,6,22,1
0,7,19,11,6,0,12,3,0,18,12,0,14,6,0
0,7,20,4,16,1,4,12,1,11,22,0,10,18,1
0,7,21,12,7,0,10,26,1,4,28,1,12,22,0
0,7,22,6,22,1,11,22,0,1,13,1,15,8,0
0,7,23,12,18,0,14,6,0,12,7,0,22,12,0
0,7,24,18,10,0,7,13,1,12,3,0,20,30,0
0,7,25,7,22,1,11,8,0,11,6,0,14,26,0
0,7,26,11,6,0,11,6,0,18,18,0,11,8,0
0,7,27,11,8,0,14,6,0,10,5,1,14,3,0
0,7,28,14,6,0,20,30,0,15,8,0,4,12,1
0,7,29,20,30,0,10,5,1,17,3,0,1,13,1
0,7,30,7,13,1,10,18,1,7,22,1,15,30,0
0,7,31,22,6,0,12,18,0,7,13,1,12,7,0
0,7,32,22,12,0,18,18,0,13,5,0,12,18,0
0,7,33,18,12,0,16,8,0,2,18,1,12,8,0
0,7,34,18,18,0,9,18,1,20,30,0,10,26,1
0,7,35,9,18,1,8,16,1,10,22,1,12,3,0
0,7,36,17,3,0,12,3,0,4,16,1,8,16,1
0,7,37,10,5,1,4,16,1,22,12,0,2,18,1
0,7,38,2,2,1,14,26,0,11,8,0,17,3,0
0,7,39,9,17,1,8,4,1,6,22,1,10,22,1
0,7,40,10,30,1,22,12,0,18,10,0,10,30,1
0,7,41,4,28,1,15,30,0,12,3,0,22,10,0
0,7,42,14,6,0,10,15,1,14,6,0,16,8,0
0,7,43,22,10,0,12,8,0,14,6,0,11,7,0
0,7,44,1,13,1,18,10,0,4,12,1,18,10,0
0,7,45,8,4,1,6,22,1,10,18,1,10,15,1
0,7,46,12,22,0,1,13,1,22,6,0,4,28,1
0,7,47,10,15,0,10,22,1,6,22,1,22,6,0
0,7,48,8,16,1,11,7,0,14,26,0,11,6,0
0,8,1,8,16,1,17,3,0,18,12,0,22,6,0
0,8,2,12,18,0,15,30,0,6,22,1,14,26,0
0,8,3,11,8,0,15,8,0,1,13,1,12,18,0
0,8,4,18,10,0,10,18,0,11,8,0,17,3,0
0,8,5,18,18,0,18,10,0,11,6,0,12,3,0
0,8,6,4,28,1,12,7,0,10,22,0,9,18,1
0,8,7,9,18,0,14,3,0,8,4,1,4,28,1
0,8,8,12,8,0,11,6,0,12,3,1,2,18,1
0,8,9,22,12,0,4,12,1,4,28,1,12,8,0
0,8,10,7,22,1,13,5,0,17,3,0,18,10,0
0,8,11,12,3,1,12,3,1,11,22,0,16,8,0
0,8,12,15,8,0,4,16,1,7,22,1,14,3,0
0,8,13,17,3,0,11,8,0,14,3,0,12,3,0
0,8,14,9,17,1,12,3,0,14,6,0,10,15,0
0,8,15,11,22,0,10,5,1,18,18,0,11,6,0
0,8,16,12,7,0,14,6,0,22,6,0,18,18,0
0,8,17,10,22,0,10,15,0,8,16,1,1,13,1
0,8,18,8,4,1,14,6,0,13,5,0,14,6,0
0,8,19,22,6,0,7,22,1,12,8,0,11,7,0
0,8,20,10,5,1,8,16,1,4,16,1,22,12,0
0,8,21,2,18,1,6,22,1,15,8,0,10,5,1
0,8,22,10,26,0,22,12,0,22,12,0,12,22,0
0,8,23,11,6,0,9,17,1,15,30,0,6,22,1
0,8,24,10,15,0,18,18,0,14,26,0,10,26,0
0,8,25,22,10,0,12,18,0,10,30,0,15,8,0
0,8,26,4,12,1,20,30,0,11,7,0,7,22,1
0,8,27,14,6,0,10,26,0,4,12,1,11,6,0
0,8,28,13,5,0,16,8,0,2,2,1,14,6,0
0,8,29,20,30,0,10,30,0,22,10,0,8,4,1
0,8,30,6,22,1,12,8,0,12,7,0,6,22,1
0,8,31,18,12,0,18,12,0,10,26,0,20,30,0
0,8,32,7,13,1,6,22,1,12,3,0,18,12,0
0,8,33,10,18,0,11,22,0,12,22,0,11,8,0
0,8,34,11,8,0,10,22,0,10,5,1,8,16,1
0,8,35,12,3,1,9,18,1,6,22,1,2,2,1
0,8,36,6,22,1,4,28,1,12,18,0,10,18,0
0,8,37,14,3,0,14,26,0,20,30,0,4,16,1
0,8,38,15,30,0,22,10,0,11,8,0,22,10,0
0,8,39,2,2,1,11,6,0,7,13,1,12,7,0
0,8,40,11,6,0,22,6,0,9,17,1,10,30,0
0,8,41,11,7,0,12,22,0,9,18,1,15,30,0
0,8,42,14,26,0,2,18,1,2,18,1,11,22,0
0,8,43,16,8,0,11,7,0,18,10,0,10,22,0
0,8,44,10,30,0,2,2,1,11,6,0,11,8,0
0,8,45,14,6,0,11,8,0,14,6,0,9,17,1
0,8,46,1,13,1,1,13,1,10,18,0,7,13,1
0,8,47,12,22,0,7,13,1,16,8,0,13,5,0
0,8,48,4,16,1,8,4,1,10,15,0,4,12,1
0,9,1,10,26,0,22,10,0,10,26,1,2,2,1
0,9,2,15,8,0,7,22,1,11,8,0,13,5,0
0,9,3,10,18,0,15,8,0,10,15,0,11,8,0
0,9,4,12,3,0,6,22,1,10,30,1,18,12,0
0,9,5,11,22,0,17,3,0,12,8,1,4,16,1
0,9,6,2,18,1,4,28,1,12,18,0,9,17,1
0,9,7,16,8,0,22,6,0,8,16,1,14,6,0
0,9,8,12,3,0,12,7,0,12,22,0,11,6,0
0,9,9,14,3,0,18,12,0,9,18,1,7,13,1
0,9,10,12,8,0,9,17,0,11,7,0,18,18,0
0,9,11,15,30,0,14,3,0,22,10,0,8,4,1
0,9,12,11,7,1,13,5,0,9,17,1,6,22,1
0,9,13,6,22,1,2,2,1,11,6,1,12,3,0
0,9,14,4,12,1,11,8,0,15,30,0,9,18,1
0,9,15,11,8,0,11,6,0,16,8,0,10,5,1
0,9,16,10,22,0,2,18,1,14,3,0,7,22,1
0,9,17,14,26,0,10,30,0,8,4,1,11,22,0
0,9,18,13,5,0,12,22,0,2,2,1,6,22,1
0,9,19,11,6,0,12,3,0,18,12,0,14,6,0
0,9,20,4,16,1,4,12,1,11,22,0,10,18,0
0,9,21,12,7,0,10,26,0,4,28,1,12,22,0
0,9,22,6,22,1,11,22,0,1,13,1,15,8,0
0,9,23,12,18,0,14,6,0,12,7,0,22,12,0
0,9,24,18,10,0,7,13,1,12,3,0,20,30,0
0,9,25,7,22,1,11,8,0,11,6,1,14,26,0
0,9,26,11,6,1,11,6,0,18,18,0,11,8,0
0,9,27,11,8,0,14,6,0,10,5,1,14,3,0
0,9,28,14,6,0,20,30,0,15,8,0,4,12,1
0,9,29,20,30,0,10,5,1,17,3,0,1,13,1
0,9,30,7,13,1,10,18,0,7,22,1,15,30,0
0,9,31,22,6,0,12,18,0,7,13,1,12,7,0
0,9,32,22,12,0,18,18,0,13,5,0,12,18,0
0,9,33,18,12,0,16,8,0,2,18,1,12,8,0
0,9,34,18,18,0,9,18,0,20,30,0,10,26,0
0,9,35,9,18,0,8,16,1,10,22,0,12,3,0
0,9,36,17,3,0,12,3,0,4,16,1,8,16,1
0,9,37,10,5,1,4,16,1,22,12,0,2,18,1
0,9,38,2,2,1,14,26,0,11,8,0,17,3,0
0,9,39,9,17,0,8,4,1,6,22,1,10,22,0
0,9,40,10,30,0,22,12,0,18,10,0,10,30,0
0,9,41,4,28,1,15,30,0,12,3,1,22,10,0
0,9,42,14,6,0,10,15,0,14,6,0,16,8,0
0,9,43,22,10,0,12,8,0,14,6,0,11,7,0
0,9,44,1,13,1,18,10,0,4,12,1,18,10,0
0,9,45,8,4,1,6,22,1,10,18,0,10,15,0
0,9,46,12,22,0,1,13,1,22,6,0,4,28,1
0,9,47,10,15,0,10,22,0,6,22,1,22,6,0
0,9,48,8,16,1,11,7,0,14,26,0,11,6,0
0,10,1,18,10,0,9,18,0,9,18,1,12,3,1
0,10,2,4,16,1,13,5,0,10,26,1,10,26,0
0,10,3,22,6,0,8,16,1,8,4,1,15,8,0
0,10,4,13,5,1,22,10,0,10,5,1,20,30,0
0,10,5,2,18,1,11,7,0,11,8,0,6,22,1
0,10,6,14,6,1,11,6,0,11,22,1,12,18,0
0,10,7,1,13,1,14,6,0,6,22,1,10,15,0
0,10,8,17,3,1,11,6,0,12,3,1,4,12,1
0,10,9,22,12,0,12,7,0,7,13,1,22,12,0
0,10,10,11,8,1,11,8,0,10,22,1,15,30,0
0,10,11,15,8,0,22,6,0,18,10,0,4,28,1
0,10,12,6,22,1,14,3,0,22,12,0,2,18,1
0,10,13,12,7,1,10,22,0,6,22,1,11,7,1
0,10,14,12,3,1,2,18,1,10,15,0,7,13,1
0,10,15,10,30,0,10,30,0,14,3,0,7,22,1
0,10,16,10,18,0,9,17,1,14,6,0,4,16,1
0,10,17,10,5,1,12,22,0,12,7,0,11,6,1
0,10,18,12,3,1,12,3,0,4,28,0,2,2,1
0,10,19,11,7,1,10,18,0,15,8,0,18,18,0
0,10,20,9,18,0,11,8,0,11,6,0,12,8,0
0,10,21,20,30,0,2,2,1,1,13,1,8,16,1
0,10,22,11,6,1,11,22,0,22,10,0,12,3,1
0,10,23,12,18,0,14,26,0,20,30,0,13,5,0
0,10,24,4,12,1,20,30,0,11,8,0,18,12,0
0,10,25,10,26,0,4,16,1,11,7,0,16,8,0
0,10,26,10,15,0,10,15,0,10,18,0,12,22,1
0,10,27,12,8,0,10,26,0,15,30,0,10,30,0
0,10,28,16,8,0,12,8,0,7,22,1,22,10,0
0,10,29,7,22,1,16,8,0,13,5,0,12,7,0
0,10,30,8,16,1,4,12,1,14,6,0,14,3,1
0,10,31,11,22,0,17,3,0,4,16,1,11,8,1
0,10,32,22,10,0,18,12,0,4,12,1,11,22,0
0,10,33,15,30,0,15,8,0,18,18,0,11,8,1
0,10,34,14,6,0,15,30,0,12,3,0,9,18,0
0,10,35,7,13,1,7,13,1,16,8,0,11,6,1
0,10,36,6,22,1,22,12,0,9,17,1,6,22,1
0,10,37,11,6,1,14,6,0,18,12,0,14,6,0
0,10,38,12,22,0,7,22,1,10,30,1,22,6,0
0,10,39,4,28,1,6,22,1,2,2,1,9,17,1
0,10,40,18,18,0,10,5,1,14,26,0,10,5,1
0,10,41,18,12,0,1,13,1,11,6,0,18,10,0
0,10,42,14,3,1,12,18,0,12,8,0,14,6,0
0,10,43,8,4,1,18,18,0,12,18,0,10,22,0
0,10,44,11,8,1,18,10,0,22,6,0,14,26,0
0,10,45,14,26,0,4,28,0,8,16,1,8,4,1
0,10,46,2,2,1,12,3,0,17,3,1,1,13,1
0,10,47,9,17,0,8,4,1,2,18,1,17,3,0
0,10,48,10,22,0,6,22,1,12,22,1,10,18,0
0,11,1,18,10,0,9,18,1,9,18,1,12,3,0
0,11,2,4,16,1,13,5,0,10,26,1,10,26,1
0,11,3,22,6,0,8,16,1,8,4,1,15,8,0
0,11,4,13,5,1,22,10,0,10,5,1,20,30,0
0,11,5,2,18,1,11,7,1,11,8,0,6,22,1
0,11,6,14,6,0,11,6,1,11,22,1,12,18,0
0,11,7,1,13,1,14,6,0,6,22,1,10,15,1
0,11,8,17,3,0,11,6,1,12,3,0,4,12,1
0,11,9,22,12,0,12,7,1,7,13,1,22,12,0
0,11,10,11,8,0,11,8,1,10,22,1,15,30,0
0,11,11,15,8,0,22,6,0,18,10,0,4,28,1
0,11,12,6,22,1,14,3,0,22,12,0,2,18,1
0,11,13,12,7,1,10,22,1,6,22,1,11,7,0
0,11,14,12,3,1,2,18,1,10,15,1,7,13,1
0,11,15,10,30,0,10,30,0,14,3,1,7,22,1
0,11,16,10,18,1,9,17,1,14,6,1,4,16,1
0,11,17,10,5,1,12,22,0,12,7,1,11,6,1
0,11,18,12,3,1,12,3,0,4,28,1,2,2,1
0,11,19,11,7,1,10,18,0,15,8,0,18,18,0
0,11,20,9,18,1,11,8,1,11,6,1,12,8,0
0,11,21,20,30,0,2,2,1,1,13,1,8,16,1
0,11,22,11,6,1,11,22,0,22,10,0,12,3,1
0,11,23,12,18,0,14,26,0,20,30,0,13,5,0
0,11,24,4,12,1,20,30,0,11,8,1,18,12,0
0,11,25,10,26,1,4,16,1,11,7,1,16,8,0
0,11,26,10,15,1,10,15,0,10,18,1,12,22,0
0,11,27,12,8,1,10,26,0,15,30,0,10,30,1
0,11,28,16,8,0,12,8,0,7,22,1,22,10,0
0,11,29,7,22,1,16,8,0,13,5,0,12,7,0
0,11,30,8,16,1,4,12,1,14,6,0,14,3,1
0,11,31,11,22,0,17,3,0,4,16,1,11,8,0
0,11,32,22,10,0,18,12,0,4,12,1,11,22,1
0,11,33,15,30,0,15,8,0,18,18,0,11,8,0
0,11,34,14,6,0,15,30,0,12,3,1,9,18,1
0,11,35,7,13,1,7,13,1,16,8,0,11,6,0
0,11,36,6,22,1,22,12,0,9,17,1,6,22,1
0,11,37,11,6,0,14,6,0,18,12,0,14,6,0
0,11,38,12,22,0,7,22,1,10,30,1,22,6,0
0,11,39,4,28,1,6,22,1,2,2,1,9,17,1
0,11,40,18,18,0,10,5,1,14,26,1,10,5,1
0,11,41,18,12,0,1,13,1,11,6,1,18,10,0
0,11,42,14,3,1,12,18,0,12,8,0,14,6,0
0,11,43,8,4,1,18,18,0,12,18,1,10,22,1
0,11,44,11,8,1,18,10,0,22,6,0,14,26,0
0,11,45,14,26,0,4,28,1,8,16,1,8,4,1
0,11,46,2,2,1,12,3,0,17,3,0,1,13,1
0,11,47,9,17,1,8,4,1,2,18,1,17,3,0
0,11,48,10,22,1,6,22,1,12,22,1,10,18,1
0,12,1,1,13,1,1,13,1,10,26,1,22,10,0
0,12,2,2,2,1,2,2,1,15,8,0,7,22,1
0,12,3,2,18,1,2,18,1,10,18,1,15,8,0
0,12,4,4,12,1,4,12,1,12,3,0,6,22,1
0,12,5,4,16,1,4,16,1,11,22,0,17,3,0
0,12,6,4,28,1,4,28,1,2,18,1,4,28,1
0,12,7,6,22,0,6,22,1,16,8,0,22,6,0
0,12,8,6,22,1,6,22,1,12,3,0,12,7,0
0,12,9,7,13,0,7,13,1,14,3,0,18,12,0
0,12,10,7,22,1,7,22,1,12,8,0,9,17,1
0,12,11,8,4,1,8,4,1,15,30,0,14,3,0
0,12,12,8,16,1,8,16,1,11,7,0,13,5,0
0,12,13,9,17,1,9,17,1,6,22,1,2,2,1
0,12,14,9,18,1,9,18,1,4,12,1,11,8,0
0,12,15,10,5,1,10,5,1,11,8,0,11,6,0
0,12,16,10,15,1,10,15,0,10,22,1,2,18,1
0,12,17,10,18,1,10,18,0,14,26,0,10,30,1
0,12,18,10,22,1,10,22,0,13,5,0,12,22,0
0,12,19,10,26,1,10,26,0,11,6,0,12,3,0
0,12,20,10,30,1,10,30,0,4,16,1,4,12,1
0,12,21,11,6,0,11,6,0,12,7,0,10,26,1
0,12,22,11,6,0,11,6,0,6,22,1,11,22,0
0,12,23,11,7,0,11,7,0,12,18,0,14,6,0
0,12,24,11,8,0,11,8,0,18,10,0,7,13,1
0,12,25,11,8,0,11,8,0,7,22,1,11,8,0
0,12,26,11,22,0,11,22,0,11,6,0,11,6,0
0,12,27,12,3,0,12,3,0,11,8,0,14,6,0
0,12,28,12,3,0,12,3,0,14,6,0,20,30,0
0,12,29,12,7,0,12,7,0,20,30,0,10,5,0
0,12,30,12,8,0,12,8,0,7,13,1,10,18,1
0,12,31,12,18,0,12,18,0,22,6,0,12,18,0
0,12,32,12,22,0,12,22,0,22,12,0,18,18,0
0,12,33,13,5,0,13,5,0,18,12,0,16,8,0
0,12,34,14,3,0,14,3,0,18,18,0,9,18,1
0,12,35,14,6,0,14,6,0,9,18,1,8,16,1
0,12,36,14,6,0,14,6,0,17,3,0,12,3,0
0,12,37,14,26,0,14,26,0,10,5,1,4,16,1
0,12,38,15,8,0,15,8,0,2,2,1,14,26,0
0,12,39,15,30,0,15,30,0,9,17,1,8,4,1
0,12,40,16,8,0,16,8,0,10,30,1,22,12,0
0,12,41,17,3,0,17,3,0,4,28,1,15,30,0
0,12,42,18,10,0,18,10,0,14,6,0,10,15,1
0,12,43,18,12,0,18,12,0,22,10,0,12,8,0
0,12,44,18,18,0,18,18,0,1,13,1,18,10,0
0,12,45,20,30,0,20,30,0,8,4,1,6,22,1
0,12,46,22,6,0,22,6,0,12,22,0,1,13,1
0,12,47,22,10,0,22,10,0,10,15,1,10,22,1
0,12,48,22,12,0,22,12,0,8,16,1,11,7,0
0,13,1,7,22,0,13,5,0,6,22,0,4,28,0
0,13,2,22,6,0,22,6,0,6,22,1,7,22,0
0,13,3,8,4,1,12,8,0,12,3,1,12,18,0
0,13,4,16,8,0,18,12,0,14,6,0,18,12,0
0,13,5,11,7,1,18,18,0,7,13,1,12,8,0
0,13,6,2,2,1,14,6,0,20,30,0,11,22,1
0,13,7,4,28,0,11,22,0,10,5,1,17,3,0
0,13,8,4,16,1,16,8,0,10,15,0,11,8,1
0,13,9,12,8,0,20,30,0,1,13,1,1,13,1
0,13,10,18,12,0,7,22,0,9,17,0,10,30,0
0,13,11,12,22,0,15,8,0,18,12,0,14,6,0
0,13,12,12,3,1,12,18,0,14,26,0,11,8,0
0,13,13,11,22,0,6,22,0,14,3,0,12,3,0
0,13,14,1,13,1,10,15,0,16,8,0,14,26,0
0,13,15,10,30,0,10,22,0,11,7,1,9,18,0
0,13,16,15,30,0,12,3,0,22,10,0,10,26,0
0,13,17,10,15,0,9,17,0,22,6,0,10,5,1
0,13,18,9,18,0,2,2,1,10,22,0,2,2,1
0,13,19,11,8,1,11,6,1,12,3,1,14,3,1
0,13,20,14,6,0,22,10,0,13,5,0,14,6,0
0,13,21,18,18,0,1,13,1,12,7,0,8,4,1
0,13,22,9,17,0,10,18,0,15,8,0,18,10,0
0,13,23,6,22,0,12,7,0,18,10,0,20,30,0
0,13,24,14,26,0,14,26,0,2,18,1,10,18,0
0,13,25,10,18,0,6,22,0,22,12,0,22,12,0
0,13,26,7,13,1,7,13,1,2,2,1,12,3,0
0,13,27,4,12,1,8,4,1,15,30,0,18,18,0
0,13,28,11,8,1,15,30,0,11,6,1,15,8,0
0,13,29,17,3,0,12,3,1,12,18,0,12,22,0
0,13,30,11,6,1,18,10,0,10,18,0,10,22,0
0,13,31,2,18,1,4,12,1,17,3,0,16,8,0
0,13,32,10,22,0,14,6,0,10,26,1,10,15,0
0,13,33,14,6,0,17,3,0,8,16,1,4,16,1
0,13,34,20,30,0,11,6,1,12,8,0,8,16,0
0,13,35,12,3,1,8,16,0,9,18,0,2,18,1
0,13,36,22,12,0,4,16,1,4,28,0,9,17,0
0,13,37,12,18,0,11,8,0,11,8,0,11,6,0
0,13,38,10,5,1,4,28,1,11,6,1,7,13,1
0,13,39,14,3,0,10,5,1,10,30,0,13,5,0
0,13,40,8,16,0,10,30,0,14,6,0,4,12,1
0,13,41,15,8,0,10,26,0,18,18,0,22,10,0
0,13,42,10,26,0,11,8,0,12,22,0,11,6,1
0,13,43,6,22,0,22,12,0,7,22,0,6,22,0
0,13,44,18,10,0,12,22,0,4,16,1,12,7,0
0,13,45,22,10,0,9,18,0,11,22,0,15,30,0
0,13,46,11,6,1,14,3,0,4,12,1,6,22,0
0,13,47,13,5,0,11,7,1,8,4,1,11,7,0
0,13,48,12,7,0,2,18,1,11,8,0,22,6,0
0,14,1,12,3,1,9,18,1,18,10,0,9,18,1
0,14,2,10,26,0,10,26,1,4,16,1,13,5,0
0,14,3,15,8,0,8,4,1,22,6,0,8,16,1
0,14,4,20,30,0,10,5,1,13,5,0,22,10,0
0,14,5,6,22,0,11,8,0,2,18,1,11,7,0
0,14,6,12,18,0,11,22,0,14,6,0,11,6,0
0,14,7,10,15,0,6,22,1,1,13,1,14,6,0
0,14,8,4,12,1,12,3,0,17,3,0,11,6,0
0,14,9,22,12,0,7,13,1,22,12,0,12,7,0
0,14,10,15,30,0,10,22,1,11,8,0,11,8,0
0,14,11,4,28,1,18,10,0,15,8,0,22,6,0
0,14,12,2,18,1,22,12,0,6,22,1,14,3,0
0,14,13,11,7,0,6,22,1,12,7,0,10,22,0
0,14,14,7,13,1,10,15,0,12,3,0,2,18,1
0,14,15,7,22,0,14,3,0,10,30,1,10,30,0
0,14,16,4,16,1,14,6,0,10,18,0,9,17,1
0,14,17,11,6,0,12,7,0,10,5,1,12,22,0
0,14,18,2,2,1,4,28,1,12,3,0,12,3,0
0,14,19,18,18,0,15,8,0,11,7,0,10,18,0
0,14,20,12,8,0,11,6,0,9,18,1,11,8,0
0,14,21,8,16,1,1,13,1,20,30,0,2,2,1
0,14,22,12,3,1,22,10,0,11,6,1,11,22,0
0,14,23,13,5,0,20,30,0,12,18,0,14,26,0
0,14,24,18,12,0,11,8,0,4,12,1,20,30,0
0,14,25,16,8,0,11,7,0,10,26,0,4,16,1
0,14,26,12,22,0,10,18,0,10,15,1,10,15,0
0,14,27,10,30,1,15,30,0,12,8,0,10,26,1
0,14,28,22,10,0,7,22,1,16,8,0,12,8,0
0,14,29,12,7,0,13,5,0,7,22,1,16,8,0
0,14,30,14,3,0,14,6,0,8,16,1,4,12,1
0,14,31,11,8,0,4,16,1,11,22,0,17,3,0
0,14,32,11,22,0,4,12,1,22,10,0,18,12,0
0,14,33,11,8,0,18,18,0,15,30,0,15,8,0
0,14,34,9,18,1,12,3,0,14,6,0,15,30,0
0,14,35,11,6,0,16,8,0,7,13,1,7,13,1
0,14,36,6,22,1,9,17,1,6,22,1,22,12,0
0,14,37,14,6,0,18,12,0,11,6,0,14,6,0
0,14,38,22,6,0,10,30,0,12,22,0,7,22,1
0,14,39,9,17,1,2,2,1,4,28,1,6,22,1
0,14,40,10,5,1,14,26,1,18,18,0,10,5,1
0,14,41,18,10,0,11,6,0,18,12,0,1,13,1
0,14,42,14,6,0,12,8,0,14,3,0,12,18,0
0,14,43,10,22,1,12,18,0,8,4,1,18,18,0
0,14,44,14,26,0,22,6,0,11,8,0,18,10,0
0,14,45,8,4,1,8,16,1,14,26,0,4,28,1
0,14,46,1,13,1,17,3,0,2,2,1,12,3,0
0,14,47,17,3,0,2,18,1,9,17,1,8,4,1
0,14,48,10,18,0,12,22,0,10,22,0,6,22,1
0,15,1,15,8,0,10,5,1,8,4,1,8,16,1
0,15,2,14,6,0,10,15,1,10,5,1,9,17,1
0,15,3,22,12,0,20,30,0,14,6,0,12,22,0
0,15,4,16,8,0,12,3,0,22,12,0,16,8,0
0,15,5,12,18,0,6,22,1,14,6,0,9,18,1
0,15,6,20,30,0,8,4,1,12,18,0,4,16,1
0,15,7,10,5,1,7,22,1,22,6,0,10,30,1
0,15,8,4,16,1,14,6,0,12,7,0,11,6,0
0,15,9,18,12,0,22,12,0,4,28,1,4,28,1
0,15,10,14,6,0,14,26,0,11,8,0,10,22,1
0,15,11,8,16,1,4,16,1,16,8,0,22,12,0
0,15,12,11,6,0,12,22,0,12,8,0,18,10,0
0,15,13,11,7,0,12,18,0,13,5,0,15,30,0
0,15,14,12,22,0,4,28,1,18,10,0,20,30,0
0,15,15,10,22,1,11,8,0,4,16,1,12,3,0
0,15,16,6,22,1,18,18,0,10,26,1,11,7,0
0,15,17,11,22,0,11,6,1,11,8,0,2,2,1
0,15,18,4,28,1,10,26,1,10,30,1,13,5,0
0,15,19,11,6,0,2,2,1,6,22,1,15,8,0
0,15,20,14,3,0,12,8,0,15,30,0,14,3,0
0,15,21,18,10,0,16,8,0,17,3,0,18,12,0
0,15,22,1,13,1,1,13,1,1,13,1,22,10,0
0,15,23,9,17,1,10,22,0,10,15,1,6,22,1
0,15,24,4,12,1,8,16,1,22,10,0,6,22,1
0,15,25,9,18,1,18,10,0,4,12,1,18,18,0
0,15,26,10,15,1,11,6,0,2,18,1,11,22,0
0,15,27,18,18,0,9,18,1,11,6,0,14,6,0
0,15,28,13,5,0,7,13,1,12,22,0,2,18,1
0,15,29,22,10,0,12,7,0,18,12,0,11,6,0
0,15,30,2,2,1,22,6,0,14,26,0,22,6,0
0,15,31,7,13,1,11,22,0,11,7,0,11,8,0
0,15,32,17,3,0,6,22,1,20,30,0,10,18,1
0,15,33,22,6,0,4,12,1,11,6,0,14,6,0
0,15,34,12,3,0,11,7,0,7,22,1,10,26,1
0,15,35,10,18,1,17,3,0,10,18,1,8,4,1
0,15,36,7,22,1,13,5,0,6,22,1,12,7,0
0,15,37,12,8,0,14,6,0,10,22,1,12,3,0
0,15,38,8,4,1,10,30,0,12,3,0,4,12,1
0,15,39,10,30,1,15,30,0,9,18,1,11,8,0
0,15,40,11,8,0,10,18,0,15,8,0,17,3,0
0,15,41,11,8,0,18,12,0,7,13,1,1,13,1
0,15,42,12,7,0,2,18,1,11,22,0,14,26,0
0,15,43,2,18,1,11,8,0,8,16,1,10,5,0
0,15,44,14,26,0,9,17,1,2,2,1,7,22,1
0,15,45,10,26,1,22,10,0,14,3,0,12,18,0
0,15,46,15,30,0,12,3,0,18,18,0,7,13,1
0,15,47,12,3,0,15,8,0,9,17,1,10,15,1
0,15,48,6,22,1,14,3,0,12,3,0,12,8,0
0,16,1,18,10,0,9,18,1,9,18,0,12,3,0
0,16,2,4,16,1,13,5,0,10,26,1,10,26,1
0,16,3,22,6,0,8,16,1,8,4,1,15,8,0
0,16,4,13,5,1,22,10,0,10,5,0,20,30,0
0,16,5,2,18,1,11,7,0,11,8,0,6,22,1
0,16,6,14,6,0,11,6,0,11,22,0,12,18,1
0,16,7,1,13,1,14,6,0,6,22,1,10,15,1
0,16,8,17,3,1,11,6,0,12,3,0,4,12,1
0,16,9,22,12,0,12,7,0,7,13,1,22,12,0
0,16,10,11,8,0,11,8,0,10,22,1,15,30,1
0,16,11,15,8,1,22,6,0,18,10,0,4,28,1
0,16,12,6,22,1,14,3,0,22,12,0,2,18,1
0,16,13,12,7,0,10,22,1,6,22,1,11,7,0
0,16,14,12,3,1,2,18,1,10,15,0,7,13,1
0,16,15,10,30,0,10,30,1,14,3,1,7,22,1
0,16,16,10,18,1,9,17,1,14,6,0,4,16,1
0,16,17,10,5,1,12,22,0,12,7,0,11,6,0
0,16,18,12,3,1,12,3,0,4,28,1,2,2,1
0,16,19,11,7,0,10,18,1,15,8,0,18,18,0
0,16,20,9,18,1,11,8,0,11,6,0,12,8,0
0,16,21,20,30,0,2,2,1,1,13,1,8,16,1
0,16,22,11,6,0,11,22,0,22,10,0,12,3,0
0,16,23,12,18,0,14,26,1,20,30,0,13,5,0
0,16,24,4,12,1,20,30,0,11,8,0,18,12,0
0,16,25,10,26,0,4,16,1,11,7,1,16,8,0
0,16,26,10,15,1,10,15,0,10,18,0,12,22,0
0,16,27,12,8,0,10,26,1,15,30,1,10,30,1
0,16,28,16,8,0,12,8,0,7,22,1,22,10,0
0,16,29,7,22,1,16,8,0,13,5,0,12,7,0
0,16,30,8,16,1,4,12,1,14,6,0,14,3,0
0,16,31,11,22,1,17,3,0,4,16,1,11,8,0
0,16,32,22,10,0,18,12,0,4,12,1,11,22,0
0,16,33,15,30,0,15,8,0,18,18,0,11,8,0
0,16,34,14,6,0,15,30,0,12,3,1,9,18,1
0,16,35,7,13,1,7,13,1,16,8,0,11,6,0
0,16,36,6,22,1,22,12,0,9,17,1,6,22,1
0,16,37,11,6,0,14,6,0,18,12,0,14,6,0
0,16,38,12,22,0,7,22,1,10,30,1,22,6,0
0,16,39,4,28,1,6,22,1,2,2,1,9,17,1
0,16,40,18,18,0,10,5,1,14,26,0,10,5,1
0,16,41,18,12,0,1,13,1,11,6,0,18,10,0
0,16,42,14,3,1,12,18,0,12,8,0,14,6,0
0,16,43,8,4,1,18,18,0,12,18,1,10,22,1
0,16,44,11,8,0,18,10,0,22,6,0,14,26,0
0,16,45,14,26,0,4,28,1,8,16,1,8,4,1
0,16,46,2,2,1,12,3,0,17,3,0,1,13,1
0,16,47,9,17,1,8,4,1,2,18,1,17,3,0
0,16,48,10,22,1,6,22,1,12,22,0,10,18,1
0,17,1,18,10,0,9,18,0,9,18,1,1,13,1
0,17,2,4,16,1,13,5,1,10,26,0,2,18,1
0,17,3,22,6,1,8,16,0,8,4,1,2,2,1
0,17,4,13,5,1,22,10,0,10,5,1,4,12,1
0,17,5,2,18,1,11,7,1,11,8,1,4,28,1
0,17,6,14,6,1,11,6,1,11,22,0,4,16,1
0,17,7,1,13,1,14,6,1,6,22,1,6,22,0
0,17,8,17,3,1,11,6,1,12,3,1,6,22,1
0,17,9,22,12,0,12,7,1,7,13,1,7,13,0
0,17,10,11,8,1,11,8,1,10,22,0,7,22,0
0,17,11,15,8,1,22,6,1,18,10,0,8,16,0
0,17,12,6,22,0,14,3,1,22,12,0,8,4,1
0,17,13,12,7,1,10,22,0,6,22,1,9,18,0
0,17,14,12,3,1,2,18,1,10,15,0,9,17,0
0,17,15,10,30,0,10,30,0,14,3,1,10,26,0
0,17,16,10,18,0,9,17,0,14,6,1,10,15,0
0,17,17,10,5,1,12,22,0,12,7,1,10,30,0
0,17,18,12,3,1,12,3,1,4,28,1,10,5,1
0,17,19,11,7,1,10,18,0,15,8,0,10,22,0
0,17,20,9,18,0,11,8,1,11,6,1,10,18,0
0,17,21,20,30,0,2,2,1,1,13,1,11,7,1
0,17,22,11,6,1,11,22,0,22,10,0,11,6,1
0,17,23,12,18,0,14,26,0,20,30,0,11,8,1
0,17,24,4,12,1,20,30,0,11,8,1,11,22,0
0,17,25,10,26,0,4,16,0,11,7,1,11,8,1
0,17,26,10,15,0,10,15,0,10,18,0,11,6,1
0,17,27,12,8,1,10,26,0,15,30,0,12,3,1
0,17,28,16,8,1,12,8,1,7,22,1,12,18,0
0,17,29,7,22,0,16,8,1,13,5,1,12,8,1
0,17,30,8,16,0,4,12,1,14,6,1,12,3,1
0,17,31,11,22,0,17,3,1,4,16,1,12,22,0
0,17,32,22,10,0,18,12,0,4,12,1,12,7,1
0,17,33,15,30,0,15,8,1,18,18,0,13,5,1
0,17,34,14,6,1,15,30,0,12,3,1,14,3,1
0,17,35,7,13,0,7,13,1,16,8,0,14,6,1
0,17,36,6,22,1,22,12,0,9,17,0,14,6,1
0,17,37,11,6,1,14,6,1,18,12,0,14,26,0
0,17,38,12,22,0,7,22,1,10,30,0,15,8,1
0,17,39,4,28,0,6,22,0,2,2,1,15,30,0
0,17,40,18,18,0,10,5,1,14,26,0,16,8,1
0,17,41,18,12,0,1,13,1,11,6,1,17,3,1
0,17,42,14,3,1,12,18,0,12,8,1,18,18,0
0,17,43,8,4,1,18,18,0,12,18,0,18,12,0
0,17,44,11,8,0,18,10,0,22,6,1,18,10,0
0,17,45,14,26,0,4,28,0,8,16,1,20,30,0
0,17,46,2,2,1,12,3,1,17,3,1,22,12,0
0,17,47,9,17,0,8,4,1,2,18,1,22,10,0
0,17,48,10,22,0,6,22,0,12,22,0,22,6,0
0,18,1,2,2,1,10,26,0,10,26,0,22,10,0
0,18,2,13,5,0,11,8,0,15,8,0,7,22,1
0,18,3,11,8,0,10,15,0,10,18,0,15,8,0
0,18,4,18,12,0,10,30,0,12,3,0,6,22,1
0,18,5,4,16,1,12,8,0,11,22,0,17,3,0
0,18,6,9,17,1,12,18,0,2,18,1,4,28,1
0,18,7,14,6,0,8,16,1,16,8,0,22,6,0
0,18,8,11,6,0,12,22,0,12,3,0,12,7,0
0,18,9,7,13,1,9,18,1,14,3,0,18,12,0
0,18,10,18,18,0,11,7,0,12,8,0,9,17,1
0,18,11,8,4,1,22,10,0,15,30,0,14,3,0
0,18,12,6,22,0,9,17,1,11,7,0,13,5,0
0,18,13,12,3,0,11,6,0,6,22,1,2,2,1
0,18,14,9,18,1,15,30,0,4,12,1,11,8,0
0,18,15,10,5,1,16,8,0,11,8,0,11,6,0
0,18,16,7,22,1,14,3,0,10,22,0,2,18,1
0,18,17,11,22,0,8,4,1,14,26,0,10,30,0
0,18,18,6,22,1,2,2,1,13,5,0,12,22,0
0,18,19,14,6,0,18,12,0,11,6,0,12,3,0
0,18,20,10,18,0,11,22,0,4,16,1,4,12,1
0,18,21,12,22,0,4,28,1,12,7,0,10,26,0
0,18,22,15,8,0,1,13,1,6,22,1,11,22,0
0,18,23,22,12,0,12,7,0,12,18,0,14,6,0
0,18,24,20,30,0,12,3,0,18,10,0,7,13,1
0,18,25,14,26,0,11,6,0,7,22,1,11,8,0
0,18,26,11,8,0,18,18,0,11,6,0,11,6,0
0,18,27,14,3,0,10,5,1,11,8,0,14,6,0
0,18,28,4,12,1,15,8,0,14,6,0,20,30,0
0,18,29,1,13,1,17,3,0,20,30,0,10,5,1
0,18,30,15,30,0,7,22,1,7,13,1,10,18,0
0,18,31,12,7,0,7,13,1,22,6,0,12,18,0
0,18,32,12,18,0,13,5,0,22,12,0,18,18,0
0,18,33,12,8,0,2,18,1,18,12,0,16,8,0
0,18,34,10,26,0,20,30,0,18,18,0,9,18,1
0,18,35,12,3,0,10,22,0,9,18,1,8,16,1
0,18,36,8,16,1,4,16,1,17,3,0,12,3,0
0,18,37,2,18,1,22,12,0,10,5,0,4,16,1
0,18,38,17,3,0,11,8,0,2,2,1,14,26,0
0,18,39,10,22,0,6,22,1,9,17,1,8,4,1
0,18,40,10,30,0,18,10,0,10,30,0,22,12,0
0,18,41,22,10,0,12,3,0,4,28,1,15,30,0
0,18,42,16,8,0,14,6,0,14,6,0,10,15,0
0,18,43,11,7,0,14,6,0,22,10,0,12,8,0
0,18,44,18,10,0,4,12,1,1,13,1,18,10,0
0,18,45,10,15,0,10,18,0,8,4,1,6,22,1
0,18,46,4,28,1,22,6,0,12,22,0,1,13,1
0,18,47,22,6,0,6,22,1,10,15,0,10,22,0
0,18,48,11,6,0,14,26,0,8,16,1,11,7,0
0,19,1,18,10,0,9,18,1,9,18,1,12,3,0
0,19,2,4,16,1,13,5,0,10,26,1,10,26,0
0,19,3,22,6,0,8,16,1,8,4,1,15,8,0
0,19,4,13,5,0,22,10,0,10,5,1,20,30,0
0,19,5,2,18,1,11,7,0,11,8,0,6,22,1
0,19,6,14,6,0,11,6,0,11,22,1,12,18,0
0,19,7,1,13,1,14,6,0,6,22,1,10,15,0
0,19,8,17,3,0,11,6,0,12,3,0,4,12,1
0,19,9,22,12,0,12,7,0,7,13,1,22,12,0
0,19,10,11,8,0,11,8,0,10,22,1,15,30,0
0,19,11,15,8,0,22,6,0,18,10,0,4,28,1
0,19,12,6,22,1,14,3,0,22,12,0,2,18,1
0,19,13,12,7,0,10,22,0,6,22,1,11,7,0
0,19,14,12,3,0,2,18,1,10,15,1,7,13,1
0,19,15,10,30,0,10,30,0,14,3,0,7,22,1
0,19,16,10,18,0,9,17,1,14,6,0,4,16,1
0,19,17,10,5,1,12,22,0,12,7,0,11,6,0
0,19,18,12,3,0,12,3,0,4,28,1,2,2,1
0,19,19,11,7,0,10,18,0,15,8,0,18,18,0
0,19,20,9,18,1,11,8,0,11,6,0,12,8,0
0,19,21,20,30,0,2,2,1,1,13,1,8,16,1
0,19,22,11,6,0,11,22,0,22,10,0,12,3,0
0,19,23,12,18,0,14,26,0,20,30,0,13,5,0
0,19,24,4,12,1,20,30,0,11,8,0,18,12,0
0,19,25,10,26,0,4,16,1,11,7,0,16,8,0
0,19,26,10,15,0,10,15,0,10,18,0,12,22,0
0,19,27,12,8,0,10,26,0,15,30,0,10,30,0
0,19,28,16,8,0,12,8,0,7,22,1,22,10,0
0,19,29,7,22,1,16,8,0,13,5,0,12,7,0
0,19,30,8,16,1,4,12,1,14,6,0,14,3,0
0,19,31,11,22,0,17,3,0,4,16,1,11,8,0
0,19,32,22,10,0,18,12,0,4,12,1,11,22,0
0,19,33,15,30,0,15,8,0,18,18,0,11,8,0
0,19,34,14,6,0,15,30,0,12,3,0,9,18,1
0,19,35,7,13,1,7,13,1,16,8,0,11,6,0
0,19,36,6,22,1,22,12,0,9,17,1,6,22,1
0,19,37,11,6,0,14,6,0,18,12,0,14,6,0
0,19,38,12,22,0,7,22,1,10,30,0,22,6,0
0,19,39,4,28,1,6,22,1,2,2,1,9,17,1
0,19,40,18,18,0,10,5,1,14,26,0,10,5,1
0,19,41,18,12,0,1,13,1,11,6,0,18,10,0
0,19,42,14,3,0,12,18,0,12,8,0,14,6,0
0,19,43,8,4,1,18,18,0,12,18,0,10,22,0
0,19,44,11,8,0,18,10,0,22,6,0,14,26,0
0,19,45,14,26,0,4,28,1,8,16,1,8,4,1
0,19,46,2,2,1,12,3,0,17,3,0,1,13,1
0,19,47,9,17,1,8,4,1,2,18,1,17,3,0
0,19,48,10,22,0,6,22,1,12,22,0,10,18,0
0,20,1,18,10,0,11,6,1,15,30,0,18,18,0
0,20,2,14,6,0,2,18,1,12,8,0,4,16,1
0,20,3,10,22,0,9,18,0,18,10,0,11,8,0
0,20,4,9,18,0,16,8,0,11,8,0,10,18,0
0,20,5,8,4,1,1,13,1,14,3,1,14,6,0
0,20,6,4,12,1,10,26,0,10,30,0,14,26,0
0,20,7,11,6,1,11,8,0,6,22,0,22,10,0
0,20,8,14,3,0,22,12,0,11,7,0,6,22,1
0,20,9,10,26,0,12,3,1,14,6,0,11,7,0
0,20,10,2,18,1,15,8,0,13,5,0,17,3,0
0,20,11,12,3,1,4,28,1,12,3,1,2,18,1
0,20,12,12,3,1,4,16,1,11,6,0,10,30,0
0,20,13,14,26,0,14,6,0,7,13,1,12,18,0
0,20,14,22,6,0,6,22,0,9,18,0,14,3,0
0,20,15,15,30,0,7,13,1,14,26,0,4,28,1
0,20,16,4,16,1,22,6,0,12,7,0,10,26,0
0,20,17,11,22,0,7,22,0,10,15,1,11,6,0
0,20,18,11,7,1,10,30,0,17,3,0,8,4,1
0,20,19,12,18,0,17,3,0,6,22,0,4,12,1
0,20,20,17,3,0,11,22,0,18,12,0,22,12,0
0,20,21,12,22,0,10,5,1,11,8,0,15,30,0
0,20,22,12,8,0,2,2,1,8,16,0,6,22,1
0,20,23,9,17,0,18,12,0,12,18,0,20,30,0
0,20,24,22,10,0,12,3,1,2,18,1,18,10,0
0,20,25,10,15,0,8,16,1,10,5,1,8,16,1
0,20,26,18,12,0,20,30,0,12,3,1,10,5,1
0,20,27,18,18,0,10,18,0,4,12,1,7,13,1
0,20,28,16,8,0,10,15,0,1,13,1,18,12,0
0,20,29,11,6,0,14,26,0,15,8,0,16,8,0
0,20,30,8,16,0,18,10,0,14,6,0,12,7,0
0,20,31,20,30,0,14,6,0,10,22,0,11,22,0
0,20,32,10,30,0,12,8,0,4,16,1,15,8,0
0,20,33,11,8,0,12,22,0,7,22,0,14,6,0
0,20,34,6,22,0,12,18,0,18,18,0,2,2,1
0,20,35,22,12,0,6,22,0,16,8,0,7,22,1
0,20,36,1,13,1,22,10,0,11,6,0,10,22,0
0,20,37,11,8,1,13,5,0,9,17,0,11,6,0
0,20,38,15,8,0,11,8,0,12,22,0,1,13,1
0,20,39,10,18,0,11,7,0,10,26,0,12,3,0
0,20,40,2,2,1,8,4,1,8,4,1,12,22,0
0,20,41,4,28,0,18,18,0,22,12,0,22,6,0
0,20,42,6,22,0,4,12,1,10,18,0,9,18,1
0,20,43,14,6,0,12,7,0,20,30,0,10,15,0
0,20,44,10,5,1,10,22,0,4,28,0,12,8,0
0,20,45,12,7,0,14,3,0,2,2,1,13,5,0
0,20,46,7,22,0,15,30,0,11,22,0,9,17,1
0,20,47,13,5,0,9,17,0,22,10,0,12,3,0
0,20,48,7,13,1,11,6,0,22,6,0,11,8,0
0,21,1,18,10,0,11,6,0,15,30,0,18,18,0
0,21,2,14,6,1,2,18,1,12,8,0,4,16,1
0,21,3,10,22,0,9,18,1,18,10,0,11,8,0
0,21,4,9,18,0,16,8,1,11,8,0,10,18,0
0,21,5,8,4,1,1,13,1,14,3,0,14,6,0
0,21,6,4,12,1,10,26,1,10,30,0,14,26,0
0,21,7,11,6,1,11,8,1,6,22,0,22,10,0
0,21,8,14,3,0,22,12,0,11,7,0,6,22,1
0,21,9,10,26,0,12,3,1,14,6,0,11,7,0
0,21,10,2,18,1,15,8,1,13,5,0,17,3,0
0,21,11,12,3,0,4,28,0,12,3,1,2,18,1
0,21,12,12,3,1,4,16,1,11,6,1,10,30,0
0,21,13,14,26,0,14,6,1,7,13,1,12,18,0
0,21,14,22,6,0,6,22,1,9,18,0,14,3,0
0,21,15,15,30,0,7,13,1,14,26,0,4,28,1
0,21,16,4,16,0,22,6,0,12,7,1,10,26,0
0,21,17,11,22,0,7,22,1,10,15,0,11,6,0
0,21,18,11,7,0,10,30,1,17,3,0,8,4,1
0,21,19,12,18,0,17,3,1,6,22,0,4,12,1
0,21,20,17,3,0,11,22,0,18,12,0,22,12,0
0,21,21,12,22,0,10,5,1,11,8,0,15,30,0
0,21,22,12,8,0,2,2,1,8,16,1,6,22,1
0,21,23,9,17,0,18,12,0,12,18,0,20,30,0
0,21,24,22,10,0,12,3,1,2,18,1,18,10,0
0,21,25,10,15,0,8,16,1,10,5,1,8,16,1
0,21,26,18,12,0,20,30,0,12,3,0,10,5,1
0,21,27,18,18,0,10,18,0,4,12,0,7,13,1
0,21,28,16,8,0,10,15,0,1,13,1,18,12,0
0,21,29,11,6,0,14,26,0,15,8,0,16,8,0
0,21,30,8,16,0,18,10,0,14,6,0,12,7,0
0,21,31,20,30,0,14,6,0,10,22,0,11,22,0
0,21,32,10,30,0,12,8,0,4,16,1,15,8,0
0,21,33,11,8,1,12,22,0,7,22,1,14,6,0
0,21,34,6,22,1,12,18,0,18,18,0,2,2,1
0,21,35,22,12,0,6,22,0,16,8,0,7,22,0
0,21,36,1,13,1,22,10,0,11,6,1,10,22,0
0,21,37,11,8,0,13,5,0,9,17,0,11,6,0
0,21,38,15,8,0,11,8,0,12,22,0,1,13,1
0,21,39,10,18,0,11,7,1,10,26,0,12,3,0
0,21,40,2,2,1,8,4,1,8,4,1,12,22,0
0,21,41,4,28,1,18,18,0,22,12,0,22,6,0
0,21,42,6,22,0,4,12,1,10,18,0,9,18,0
0,21,43,14,6,1,12,7,0,20,30,0,10,15,0
0,21,44,10,5,1,10,22,0,4,28,1,12,8,0
0,21,45,12,7,1,14,3,1,2,2,1,13,5,0
0,21,46,7,22,0,15,30,0,11,22,0,9,17,1
0,21,47,13,5,0,9,17,0,22,10,0,12,3,0
0,21,48,7,13,1,11,6,0,22,6,0,11,8,0
0,22,1,7,22,0,18,18,0,22,10,0,11,22,0
0,22,2,12,7,1,14,6,0,17,3,1,6,22,1
0,22,3,11,6,1,22,10,0,4,16,1,10,26,1
0,22,4,16,8,0,12,7,0,11,7,1,20,30,0
0,22,5,18,10,0,15,30,0,10,26,1,4,28,1
0,22,6,4,12,1,11,8,1,10,15,0,11,8,0
0,22,7,8,16,0,8,16,1,7,13,1,12,8,1
0,22,8,12,3,1,4,12,1,11,22,0,12,22,0
0,22,9,22,6,1,1,13,1,4,12,1,18,12,0
0,22,10,6,22,1,12,3,1,15,30,0,8,4,1
0,22,11,11,8,1,16,8,0,11,8,0,7,22,1
0,22,12,14,6,1,15,8,0,6,22,1,17,3,1
0,22,13,15,30,0,12,22,0,12,22,0,8,16,1
0,22,14,8,4,1,11,22,0,13,5,1,9,18,1
0,22,15,11,8,0,9,18,1,18,10,0,4,12,1
0,22,16,12,3,1,10,26,0,18,18,0,10,5,1
0,22,17,10,15,0,18,10,0,7,22,1,11,8,1
0,22,18,7,13,1,14,3,1,12,18,0,22,6,0
0,22,19,18,18,0,11,6,1,12,3,1,12,18,0
0,22,20,9,17,0,22,6,1,2,18,1,10,30,1
0,22,21,1,13,1,9,17,0,14,6,1,6,22,1
0,22,22,22,10,0,22,12,0,22,6,1,22,12,0
0,22,23,10,18,0,12,8,0,14,26,0,13,5,1
0,22,24,10,30,0,4,16,1,14,6,0,10,18,1
0,22,25,9,18,0,10,18,0,10,22,1,2,2,1
0,22,26,22,12,0,14,6,0,11,6,1,11,6,0
0,22,27,20,30,0,6,22,0,2,2,1,11,6,1
0,22,28,2,2,1,10,30,0,22,12,0,18,10,0
0,22,29,14,3,1,13,5,1,20,30,0,22,10,0
0,22,30,12,18,0,7,13,1,12,3,1,16,8,1
0,22,31,18,12,0,4,28,1,10,18,0,14,6,1
0,22,32,4,16,1,18,12,0,11,8,0,14,26,0
0,22,33,17,3,1,17,3,0,12,8,1,14,6,0
0,22,34,6,22,1,11,7,1,9,17,1,9,17,1
0,22,35,10,5,1,7,22,1,4,28,1,15,8,0
0,22,36,11,7,0,10,5,1,12,7,1,12,7,1
0,22,37,11,22,0,2,18,1,18,12,0,12,3,1
0,22,38,4,28,0,20,30,0,11,6,1,10,15,1
0,22,39,12,22,0,12,3,1,6,22,1,7,13,1
0,22,40,14,26,0,10,22,0,8,4,1,14,3,1
0,22,41,10,26,0,14,26,0,8,16,1,11,7,1
0,22,42,11,6,1,11,8,1,1,13,1,15,30,0
0,22,43,14,6,1,10,15,0,16,8,0,4,16,1
0,22,44,15,8,1,11,6,1,10,30,0,2,18,1
0,22,45,10,22,0,8,4,1,14,3,1,18,18,0
0,22,46,13,5,1,6,22,1,10,5,1,10,22,0
0,22,47,12,8,0,12,18,0,15,8,0,1,13,1
0,22,48,2,18,1,2,2,1,9,18,0,12,3,1
0,23,1,15,8,0,10,5,1,8,4,1,8,16,1
0,23,2,14,6,0,10,15,0,10,5,1,9,17,1
0,23,3,22,12,0,20,30,0,14,6,0,12,22,0
0,23,4,16,8,0,12,3,0,22,12,0,16,8,0
0,23,5,12,18,0,6,22,1,14,6,0,9,18,1
0,23,6,20,30,0,8,4,1,12,18,0,4,16,1
0,23,7,10,5,1,7,22,1,22,6,0,10,30,1
0,23,8,4,16,1,14,6,0,12,7,0,11,6,0
0,23,9,18,12,0,22,12,0,4,28,1,4,28,1
0,23,10,14,6,0,14,26,0,11,8,0,10,22,1
0,23,11,8,16,1,4,16,1,16,8,0,22,12,0
0,23,12,11,6,0,12,22,0,12,8,0,18,10,0
0,23,13,11,7,0,12,18,0,13,5,0,15,30,0
0,23,14,12,22,0,4,28,1,18,10,0,20,30,0
0,23,15,10,22,0,11,8,0,4,16,1,12,3,0
0,23,16,6,22,1,18,18,0,10,26,0,11,7,0
0,23,17,11,22,0,11,6,0,11,8,0,2,2,1
0,23,18,4,28,1,10,26,0,10,30,0,13,5,0
0,23,19,11,6,0,2,2,1,6,22,1,15,8,0
0,23,20,14,3,0,12,8,0,15,30,0,14,3,0
0,23,21,18,10,0,16,8,0,17,3,0,18,12,0
0,23,22,1,13,1,1,13,1,1,13,1,22,10,0
0,23,23,9,17,1,10,22,0,10,15,0,6,22,1
0,23,24,4,12,1,8,16,1,22,10,0,6,22,1
0,23,25,9,18,1,18,10,0,4,12,1,18,18,0
0,23,26,10,15,0,11,6,0,2,18,1,11,22,0
0,23,27,18,18,0,9,18,1,11,6,0,14,6,0
0,23,28,13,5,0,7,13,1,12,22,0,2,18,1
0,23,29,22,10,0,12,7,0,18,12,0,11,6,0
0,23,30,2,2,1,22,6,0,14,26,0,22,6,0
0,23,31,7,13,1,11,22,0,11,7,0,11,8,0
0,23,32,17,3,0,6,22,1,20,30,0,10,18,1
0,23,33,22,6,0,4,12,1,11,6,0,14,6,0
0,23,34,12,3,0,11,7,0,7,22,1,10,26,0
0,23,35,10,18,0,17,3,0,10,18,0,8,4,1
0,23,36,7,22,1,13,5,0,6,22,1,12,7,0
0,23,37,12,8,0,14,6,0,10,22,0,12,3,0
0,23,38,8,4,1,10,30,0,12,3,0,4,12,1
0,23,39,10,30,0,15,30,0,9,18,1,11,8,0
0,23,40,11,8,0,10,18,0,15,8,0,17,3,0
0,23,41,11,8,0,18,12,0,7,13,1,1,13,1
0,23,42,12,7,0,2,18,1,11,22,0,14,26,0
0,23,43,2,18,1,11,8,0,8,16,1,10,5,1
0,23,44,14,26,0,9,17,1,2,2,1,7,22,1
0,23,45,10,26,0,22,10,0,14,3,0,12,18,0
0,23,46,15,30,0,12,3,0,18,18,0,7,13,1
0,23,47,12,3,0,15,8,0,9,17,1,10,15,0
0,23,48,6,22,1,14,3,0,12,3,0,12,8,0
0,24,1,18,10,0,11,6,1,15,30,0,18,18,0
0,24,2,14,6,1,2,18,1,12,8,1,4,16,1
0,24,3,10,22,0,9,18,1,18,10,0,11,8,1
0,24,4,9,18,0,16,8,1,11,8,1,10,18,0
0,24,5,8,4,1,1,13,1,14,3,1,14,6,1
0,24,6,4,12,1,10,26,1,10,30,0,14,26,0
0,24,7,11,6,1,11,8,1,6,22,1,22,10,0
0,24,8,14,3,1,22,12,1,11,7,1,6,22,1
0,24,9,10,26,0,12,3,1,14,6,1,11,7,1
0,24,10,2,18,1,15,8,1,13,5,1,17,3,1
0,24,11,12,3,1,4,28,1,12,3,1,2,18,1
0,24,12,12,3,1,4,16,1,11,6,1,10,30,0
0,24,13,14,26,0,14,6,1,7,13,1,12,18,0
0,24,14,22,6,1,6,22,1,9,18,0,14,3,1
0,24,15,15,30,0,7,13,1,14,26,0,4,28,1
0,24,16,4,16,1,22,6,1,12,7,0,10,26,0
0,24,17,11,22,0,7,22,1,10,15,0,11,6,1
0,24,18,11,7,1,10,30,1,17,3,1,8,4,1
0,24,19,12,18,0,17,3,1,6,22,1,4,12,1
0,24,20,17,3,1,11,22,1,18,12,0,22,12,0
0,24,21,12,22,0,10,5,1,11,8,1,15,30,0
0,24,22,12,8,0,2,2,1,8,16,1,6,22,1
0,24,23,9,17,0,18,12,1,12,18,0,20,30,0
0,24,24,22,10,0,12,3,1,2,18,1,18,10,0
0,24,25,10,15,0,8,16,1,10,5,1,8,16,1
0,24,26,18,12,0,20,30,1,12,3,1,10,5,1
0,24,27,18,18,0,10,18,0,4,12,1,7,13,1
0,24,28,16,8,1,10,15,0,1,13,1,18,12,0
0,24,29,11,6,1,14,26,0,15,8,0,16,8,0
0,24,30,8,16,0,18,10,0,14,6,0,12,7,1
0,24,31,20,30,0,14,6,0,10,22,0,11,22,0
0,24,32,10,30,0,12,8,0,4,16,1,15,8,0
0,24,33,11,8,1,12,22,0,7,22,0,14,6,1
0,24,34,6,22,0,12,18,0,18,18,0,2,2,1
0,24,35,22,12,0,6,22,1,16,8,0,7,22,0
0,24,36,1,13,1,22,10,0,11,6,1,10,22,0
0,24,37,11,8,1,13,5,1,9,17,0,11,6,1
0,24,38,15,8,0,11,8,1,12,22,0,1,13,1
0,24,39,10,18,0,11,7,1,10,26,0,12,3,1
0,24,40,2,2,1,8,4,1,8,4,1,12,22,0
0,24,41,4,28,0,18,18,0,22,12,0,22,6,0
0,24,42,6,22,0,4,12,1,10,18,0,9,18,0
0,24,43,14,6,0,12,7,1,20,30,0,10,15,0
0,24,44,10,5,1,10,22,0,4,28,1,12,8,1
0,24,45,12,7,1,14,3,1,2,2,1,13,5,1
0,24,46,7,22,0,15,30,0,11,22,0,9,17,0
0,24,47,13,5,0,9,17,0,22,10,0,12,3,1
0,24,48,7,13,1,11,6,1,22,6,0,11,8,0
0,25,1,18,10,0,11,7,0,14,6,0,9,18,1
0,25,2,12,8,0,12,18,0,22,10,0,14,26,0
0,25,3,14,6,0,7,13,1,8,4,1,17,3,0
0,25,4,10,30,0,12,3,0,22,6,0,10,30,0
0,25,5,11,8,0,20,30,0,4,28,1,12,3,0
0,25,6,4,28,1,2,18,1,12,3,0,7,13,1
0,25,7,11,8,0,14,6,0,12,7,0,12,18,0
0,25,8,8,4,1,11,22,0,4,16,1,4,28,1
0,25,9,6,22,1,4,16,1,7,13,1,8,16,1
0,25,10,10,26,0,22,12,0,6,22,1,20,30,0
0,25,11,22,12,0,11,6,0,7,22,1,14,6,0
0,25,12,16,8,0,10,5,1,1,13,1,22,10,0
0,25,13,18,12,0,10,15,0,20,30,0,22,12,0
0,25,14,4,16,1,14,26,0,17,3,0,10,5,1
0,25,15,11,6,0,8,16,1,11,8,0,10,18,0
0,25,16,9,18,1,8,4,1,11,7,0,12,22,0
0,25,17,15,30,0,16,8,0,12,8,0,22,6,0
0,25,18,22,6,0,10,26,0,11,6,0,10,26,0
0,25,19,2,2,1,2,2,1,15,30,0,12,7,0
0,25,20,10,15,0,18,18,0,2,18,1,16,8,0
0,25,21,22,10,0,14,6,0,14,6,0,15,30,0
0,25,22,2,18,1,4,28,1,12,22,0,18,10,0
0,25,23,1,13,1,6,22,1,8,16,1,15,8,0
0,25,24,10,5,1,1,13,1,11,8,0,7,22,1
0,25,25,13,5,0,9,17,1,10,18,0,6,22,1
0,25,26,12,18,0,12,8,0,18,12,0,12,3,0
0,25,27,20,30,0,15,8,0,16,8,0,10,15,0
0,25,28,15,8,0,10,22,0,10,30,0,8,4,1
0,25,29,9,17,1,12,3,0,18,18,0,6,22,1
0,25,30,10,18,0,12,7,0,14,26,0,4,16,1
0,25,31,6,22,1,15,30,0,2,2,1,4,12,1
0,25,32,17,3,0,12,22,0,12,3,0,10,22,0
0,25,33,10,22,0,22,6,0,11,22,0,18,12,0
0,25,34,8,16,1,11,8,0,9,17,1,9,17,1
0,25,35,11,7,0,9,18,1,10,22,0,11,6,0
0,25,36,11,6,0,4,12,1,10,15,0,11,7,0
0,25,37,7,13,1,18,12,0,12,18,0,11,8,0
0,25,38,12,7,0,18,10,0,15,8,0,11,8,0
0,25,39,14,3,0,17,3,0,11,6,0,14,3,0
0,25,40,12,3,0,7,22,1,10,5,1,12,8,0
0,25,41,11,22,0,11,8,0,22,12,0,11,22,0
0,25,42,18,18,0,14,3,0,13,5,0,1,13,1
0,25,43,14,26,0,6,22,1,9,18,1,2,2,1
0,25,44,4,12,1,11,6,0,4,12,1,11,6,0
0,25,45,7,22,1,13,5,0,14,3,0,2,18,1
0,25,46,14,6,0,10,30,0,18,10,0,13,5,0
0,25,47,12,22,0,10,18,0,10,26,0,18,18,0
0,25,48,12,3,1,22,10,0,6,22,1,14,6,0
0,26,1,12,3,1,9,18,1,18,10,0,9,18,1
0,26,2,10,26,0,10,26,0,4,16,1,13,5,1
0,26,3,15,8,0,8,4,1,22,6,0,8,16,1
0,26,4,20,30,0,10,5,1,13,5,1,22,10,0
0,26,5,6,22,0,11,8,0,2,18,1,11,7,1
0,26,6,12,18,0,11,22,0,14,6,1,11,6,0
0,26,7,10,15,0,6,22,1,1,13,1,14,6,0
0,26,8,4,12,1,12,3,1,17,3,1,11,6,1
0,26,9,22,12,0,7,13,1,22,12,0,12,7,1
0,26,10,15,30,0,10,22,0,11,8,0,11,8,1
0,26,11,4,28,1,18,10,0,15,8,0,22,6,0
0,26,12,2,18,1,22,12,0,6,22,1,14,3,1
0,26,13,11,7,1,6,22,1,12,7,0,10,22,0
0,26,14,7,13,1,10,15,0,12,3,1,2,18,1
0,26,15,7,22,0,14,3,1,10,30,0,10,30,0
0,26,16,4,16,1,14,6,0,10,18,0,9,17,1
0,26,17,11,6,1,12,7,0,10,5,1,12,22,0
0,26,18,2,2,1,4,28,1,12,3,1,12,3,1
0,26,19,18,18,0,15,8,0,11,7,1,10,18,0
0,26,20,12,8,0,11,6,1,9,18,1,11,8,0
0,26,21,8,16,1,1,13,1,20,30,0,2,2,1
0,26,22,12,3,1,22,10,0,11,6,1,11,22,0
0,26,23,13,5,1,20,30,0,12,18,0,14,26,0
0,26,24,18,12,0,11,8,1,4,12,1,20,30,0
0,26,25,16,8,0,11,7,1,10,26,0,4,16,1
0,26,26,12,22,0,10,18,0,10,15,0,10,15,0
0,26,27,10,30,0,15,30,0,12,8,0,10,26,0
0,26,28,22,10,0,7,22,1,16,8,0,12,8,0
0,26,29,12,7,0,13,5,0,7,22,1,16,8,0
0,26,30,14,3,1,14,6,0,8,16,0,4,12,1
0,26,31,11,8,1,4,16,1,11,22,0,17,3,0
0,26,32,11,22,0,4,12,1,22,10,0,18,12,0
0,26,33,11,8,1,18,18,0,15,30,0,15,8,0
0,26,34,9,18,0,12,3,1,14,6,0,15,30,0
0,26,35,11,6,1,16,8,0,7,13,1,7,13,1
0,26,36,6,22,1,9,17,0,6,22,1,22,12,0
0,26,37,14,6,1,18,12,0,11,6,0,14,6,0
0,26,38,22,6,0,10,30,0,12,22,0,7,22,0
0,26,39,9,17,0,2,2,1,4,28,1,6,22,1
0,26,40,10,5,1,14,26,0,18,18,0,10,5,1
0,26,41,18,10,0,11,6,1,18,12,0,1,13,1
0,26,42,14,6,1,12,8,0,14,3,1,12,18,0
0,26,43,10,22,0,12,18,0,8,4,1,18,18,0
0,26,44,14,26,0,22,6,0,11,8,0,18,10,0
0,26,45,8,4,1,8,16,0,14,26,0,4,28,1
0,26,46,1,13,1,17,3,0,2,2,1,12,3,1
0,26,47,17,3,1,2,18,1,9,17,0,8,4,1
0,26,48,10,18,0,12,22,0,10,22,0,6,22,1
0,27,1,10,15,0,18,18,0,14,3,1,14,3,1
0,27,2,18,18,0,11,8,1,4,28,0,7,13,1
0,27,3,11,22,0,11,22,0,7,13,1,2,18,1
0,27,4,11,7,1,15,30,0,1,13,1,22,10,0
0,27,5,2,2,1,16,8,0,18,18,0,10,18,0
0,27,6,11,8,1,6,22,0,11,8,1,10,22,0
0,27,7,14,6,1,14,6,1,22,12,0,11,6,1
0,27,8,1,13,1,10,5,1,10,30,0,12,3,1
0,27,9,18,12,0,11,6,1,17,3,1,14,6,1
0,27,10,7,22,0,4,16,1,12,3,1,12,8,1
0,27,11,22,10,0,10,30,0,18,10,0,1,13,1
0,27,12,12,3,1,14,26,0,2,2,1,14,6,1
0,27,13,11,6,1,2,18,1,12,3,1,16,8,0
0,27,14,9,18,0,10,26,0,11,7,1,12,3,1
0,27,15,10,26,0,12,22,0,22,6,0,15,30,0
0,27,16,12,22,0,11,6,1,12,8,1,4,12,1
0,27,17,12,7,1,9,17,0,4,12,1,9,17,0
0,27,18,2,18,1,10,22,0,11,22,0,4,28,0
0,27,19,18,10,0,12,3,1,20,30,0,11,7,1
0,27,20,6,22,0,6,22,0,6,22,0,11,8,1
0,27,21,10,22,0,7,22,0,7,22,0,13,5,1
0,27,22,11,6,1,17,3,1,10,26,0,17,3,1
0,27,23,20,30,0,12,7,1,12,22,0,6,22,1
0,27,24,6,22,0,8,16,0,10,22,0,9,18,0
0,27,25,4,12,1,20,30,0,14,6,1,18,18,0
0,27,26,22,12,0,4,12,1,14,6,1,22,12,0
0,27,27,10,5,1,7,13,1,12,7,1,7,22,0
0,27,28,4,16,1,2,2,1,11,6,1,15,8,0
0,27,29,12,3,1,10,18,0,15,8,0,8,4,1
0,27,30,11,8,1,10,15,0,4,16,1,6,22,0
0,27,31,15,30,0,13,5,1,2,18,1,20,30,0
0,27,32,14,26,0,9,18,0,8,4,1,8,16,0
0,27,33,22,6,0,15,8,0,6,22,0,10,26,0
0,27,34,8,4,1,8,4,1,22,10,0,12,7,1
0,27,35,9,17,0,22,12,0,13,5,1,11,8,1
0,27,36,16,8,0,18,10,0,18,12,0,10,5,1
0,27,37,12,8,1,1,13,1,10,18,0,22,6,0
0,27,38,17,3,1,22,6,0,14,26,0,12,22,0
0,27,39,14,6,1,12,8,1,11,8,1,10,30,0
0,27,40,12,18,0,12,18,0,11,6,1,4,16,1
0,27,41,10,18,0,4,28,0,10,15,0,11,22,0
0,27,42,15,8,0,22,10,0,15,30,0,12,18,0
0,27,43,10,30,0,14,3,1,10,5,1,14,26,0
0,27,44,14,3,1,11,7,1,16,8,0,2,2,1
0,27,45,13,5,1,11,8,1,8,16,0,10,15,0
0,27,46,8,16,0,12,3,1,12,18,0,18,10,0
0,27,47,4,28,0,14,6,0,9,18,0,18,12,0
0,27,48,7,13,1,18,12,0,9,17,0,11,6,1
0,28,1,10,26,0,22,10,0,10,26,1,2,2,1
0,28,2,15,8,0,7,22,1,11,8,1,13,5,1
0,28,3,10,18,0,15,8,0,10,15,1,11,8,0
0,28,4,12,3,1,6,22,0,10,30,1,18,12,0
0,28,5,11,22,0,17,3,0,12,8,1,4,16,1
0,28,6,2,18,1,4,28,1,12,18,0,9,17,0
0,28,7,16,8,0,22,6,0,8,16,1,14,6,0
0,28,8,12,3,1,12,7,1,12,22,1,11,6,1
0,28,9,14,3,1,18,12,0,9,18,1,7,13,1
0,28,10,12,8,1,9,17,0,11,7,1,18,18,0
0,28,11,15,30,0,14,3,1,22,10,0,8,4,1
0,28,12,11,7,1,13,5,1,9,17,1,6,22,1
0,28,13,6,22,0,2,2,1,11,6,1,12,3,1
0,28,14,4,12,1,11,8,1,15,30,0,9,18,1
0,28,15,11,8,1,11,6,1,16,8,0,10,5,1
0,28,16,10,22,0,2,18,1,14,3,1,7,22,1
0,28,17,14,26,0,10,30,0,8,4,1,11,22,1
0,28,18,13,5,0,12,22,0,2,2,1,6,22,1
0,28,19,11,6,1,12,3,0,18,12,0,14,6,1
0,28,20,4,16,1,4,12,1,11,22,0,10,18,1
0,28,21,12,7,1,10,26,0,4,28,1,12,22,0
0,28,22,6,22,1,11,22,0,1,13,1,15,8,0
0,28,23,12,18,0,14,6,0,12,7,0,22,12,0
0,28,24,18,10,0,7,13,1,12,3,1,20,30,0
0,28,25,7,22,1,11,8,1,11,6,1,14,26,0
0,28,26,11,6,1,11,6,1,18,18,0,11,8,0
0,28,27,11,8,1,14,6,0,10,5,1,14,3,0
0,28,28,14,6,1,20,30,0,15,8,0,4,12,1
0,28,29,20,30,0,10,5,1,17,3,1,1,13,1
0,28,30,7,13,1,10,18,0,7,22,1,15,30,0
0,28,31,22,6,0,12,18,0,7,13,1,12,7,0
0,28,32,22,12,0,18,18,0,13,5,1,12,18,0
0,28,33,18,12,0,16,8,0,2,18,1,12,8,0
0,28,34,18,18,0,9,18,1,20,30,0,10,26,1
0,28,35,9,18,0,8,16,1,10,22,1,12,3,1
0,28,36,17,3,1,12,3,1,4,16,1,8,16,1
0,28,37,10,5,1,4,16,1,22,12,0,2,18,1
0,28,38,2,2,1,14,26,0,11,8,1,17,3,1
0,28,39,9,17,0,8,4,1,6,22,1,10,22,1
0,28,40,10,30,0,22,12,0,18,10,0,10,30,1
0,28,41,4,28,1,15,30,0,12,3,1,22,10,0
0,28,42,14,6,1,10,15,0,14,6,1,16,8,0
0,28,43,22,10,0,12,8,0,14,6,0,11,7,1
0,28,44,1,13,1,18,10,0,4,12,1,18,10,0
0,28,45,8,4,1,6,22,1,10,18,1,10,15,1
0,28,46,12,22,0,1,13,1,22,6,1,4,28,1
0,28,47,10,15,0,10,22,0,6,22,1,22,6,0
0,28,48,8,16,0,11,7,1,14,26,0,11,6,1
0,29,1,18,10,0,9,18,0,9,18,0,12,3,1
0,29,2,4,16,1,13,5,1,10,26,0,10,26,0
0,29,3,22,6,0,8,16,0,8,4,1,15,8,0
0,29,4,13,5,1,22,10,0,10,5,1,20,30,0
0,29,5,2,18,1,11,7,1,11,8,0,6,22,0
0,29,6,14,6,0,11,6,1,11,22,0,12,18,0
0,29,7,1,13,1,14,6,0,6,22,1,10,15,0
0,29,8,17,3,0,11,6,1,12,3,1,4,12,1
0,29,9,22,12,0,12,7,1,7,13,1,22,12,0
0,29,10,11,8,1,11,8,1,10,22,0,15,30,0
0,29,11,15,8,0,22,6,0,18,10,0,4,28,1
0,29,12,6,22,1,14,3,1,22,12,0,2,18,1
0,29,13,12,7,1,10,22,0,6,22,1,11,7,1
0,29,14,12,3,1,2,18,1,10,15,0,7,13,1
0,29,15,10,30,0,10,30,0,14,3,1,7,22,0
0,29,16,10,18,0,9,17,0,14,6,0,4,16,1
0,29,17,10,5,1,12,22,0,12,7,1,11,6,1
0,29,18,12,3,1,12,3,1,4,28,1,2,2,1
0,29,19,11,7,1,10,18,0,15,8,0,18,18,0
0,29,20,9,18,0,11,8,1,11,6,1,12,8,0
0,29,21,20,30,0,2,2,1,1,13,1,8,16,0
0,29,22,11,6,1,11,22,0,22,10,0,12,3,1
0,29,23,12,18,0,14,26,0,20,30,0,13,5,1
0,29,24,4,12,1,20,30,0,11,8,1,18,12,0
0,29,25,10,26,0,4,16,1,11,7,1,16,8,0
0,29,26,10,15,0,10,15,0,10,18,0,12,22,0
0,29,27,12,8,0,10,26,0,15,30,0,10,30,0
0,29,28,16,8,0,12,8,0,7,22,0,22,10,0
0,29,29,7,22,0,16,8,0,13,5,1,12,7,1
0,29,30,8,16,0,4,12,1,14,6,0,14,3,1
0,29,31,11,22,0,17,3,0,4,16,1,11,8,1
0,29,32,22,10,0,18,12,0,4,12,1,11,22,0
0,29,33,15,30,0,15,8,0,18,18,0,11,8,1
0,29,34,14,6,0,15,30,0,12,3,1,9,18,0
0,29,35,7,13,1,7,13,1,16,8,0,11,6,1
0,29,36,6,22,1,22,12,0,9,17,0,6,22,1
0,29,37,11,6,1,14,6,0,18,12,0,14,6,0
0,29,38,12,22,0,7,22,1,10,30,0,22,6,0
0,29,39,4,28,1,6,22,1,2,2,1,9,17,0
0,29,40,18,18,0,10,5,1,14,26,0,10,5,1
0,29,41,18,12,0,1,13,1,11,6,1,18,10,0
0,29,42,14,3,1,12,18,0,12,8,0,14,6,0
0,29,43,8,4,1,18,18,0,12,18,0,10,22,0
0,29,44,11,8,1,18,10,0,22,6,0,14,26,0
0,29,45,14,26,0,4,28,1,8,16,0,8,4,1
0,29,46,2,2,1,12,3,1,17,3,0,1,13,1
0,29,47,9,17,0,8,4,1,2,18,1,17,3,0
0,29,48,10,22,0,6,22,1,12,22,0,10,18,0
0,30,1,18,10,0,9,18,1,9,18,1,12,3,0
0,30,2,4,16,1,13,5,0,10,26,0,10,26,0
0,30,3,22,6,0,8,16,1,8,4,1,15,8,0
0,30,4,13,5,0,22,10,0,10,5,1,20,30,0
0,30,5,2,18,1,11,7,1,11,8,1,6,22,1
0,30,6,14,6,0,11,6,1,11,22,0,12,18,0
0,30,7,1,13,1,14,6,0,6,22,1,10,15,0
0,30,8,17,3,0,11,6,0,12,3,1,4,12,1
0,30,9,22,12,0,12,7,0,7,13,1,22,12,0
0,30,10,11,8,0,11,8,0,10,22,0,15,30,0
0,30,11,15,8,0,22,6,0,18,10,0,4,28,1
0,30,12,6,22,1,14,3,0,22,12,0,2,18,1
0,30,13,12,7,0,10,22,0,6,22,1,11,7,0
0,30,14,12,3,0,2,18,1,10,15,0,7,13,1
0,30,15,10,30,0,10,30,0,14,3,0,7,22,1
0,30,16,10,18,0,9,17,1,14,6,0,4,16,1
0,30,17,10,5,1,12,22,0,12,7,0,11,6,0
0,30,18,12,3,0,12,3,0,4,28,1,2,2,1
0,30,19,11,7,0,10,18,0,15,8,0,18,18,0
0,30,20,9,18,1,11,8,0,11,6,0,12,8,0
0,30,21,20,30,0,2,2,1,1,13,1,8,16,1
0,30,22,11,6,0,11,22,0,22,10,0,12,3,0
0,30,23,12,18,0,14,26,0,20,30,0,13,5,0
0,30,24,4,12,1,20,30,0,11,8,0,18,12,0
0,30,25,10,26,0,4,16,1,11,7,0,16,8,0
0,30,26,10,15,0,10,15,0,10,18,1,12,22,0
0,30,27,12,8,1,10,26,0,15,30,0,10,30,0
0,30,28,16,8,1,12,8,0,7,22,1,22,10,0
0,30,29,7,22,1,16,8,0,13,5,0,12,7,0
0,30,30,8,16,1,4,12,1,14,6,0,14,3,0
0,30,31,11,22,0,17,3,0,4,16,1,11,8,0
0,30,32,22,10,0,18,12,0,4,12,1,11,22,0
0,30,33,15,30,0,15,8,0,18,18,0,11,8,0
0,30,34,14,6,0,15,30,0,12,3,0,9,18,1
0,30,35,7,13,1,7,13,1,16,8,0,11,6,0
0,30,36,6,22,1,22,12,0,9,17,1,6,22,1
0,30,37,11,6,0,14,6,0,18,12,0,14,6,0
0,30,38,12,22,0,7,22,0,10,30,0,22,6,0
0,30,39,4,28,1,6,22,0,2,2,1,9,17,1
0,30,40,18,18,0,10,5,1,14,26,0,10,5,1
0,30,41,18,12,0,1,13,1,11,6,0,18,10,0
0,30,42,14,3,0,12,18,0,12,8,0,14,6,0
0,30,43,8,4,1,18,18,0,12,18,0,10,22,0
0,30,44,11,8,0,18,10,0,22,6,0,14,26,0
0,30,45,14,26,0,4,28,1,8,16,1,8,4,1
0,30,46,2,2,1,12,3,0,17,3,0,1,13,1
0,30,47,9,17,0,8,4,1,2,18,1,17,3,1
0,30,48,10,22,0,6,22,0,12,22,0,10,18,0
0,31,1,15,8,0,10,5,1,8,4,1,8,16,1
0,31,2,14,6,0,10,15,0,10,5,1,9,17,1
0,31,3,22,12,0,20,30,0,14,6,0,12,22,1
0,31,4,16,8,0,12,3,0,22,12,0,16,8,0
0,31,5,12,18,0,6,22,1,14,6,0,9,18,1
0,31,6,20,30,0,8,4,1,12,18,0,4,16,1
0,31,7,10,5,1,7,22,0,22,6,0,10,30,1
0,31,8,4,16,1,14,6,0,12,7,1,11,6,1
0,31,9,18,12,0,22,12,0,4,28,1,4,28,1
0,31,10,14,6,0,14,26,0,11,8,1,10,22,1
0,31,11,8,16,1,4,16,1,16,8,0,22,12,0
0,31,12,11,6,1,12,22,0,12,8,0,18,10,0
0,31,13,11,7,1,12,18,0,13,5,1,15,30,0
0,31,14,12,22,0,4,28,1,18,10,0,20,30,0
0,31,15,10,22,0,11,8,1,4,16,1,12,3,1
0,31,16,6,22,1,18,18,0,10,26,1,11,7,1
0,31,17,11,22,0,11,6,1,11,8,0,2,2,1
0,31,18,4,28,1,10,26,0,10,30,0,13,5,0
0,31,19,11,6,1,2,2,1,6,22,1,15,8,0
0,31,20,14,3,1,12,8,0,15,30,0,14,3,0
0,31,21,18,10,0,16,8,0,17,3,0,18,12,0
0,31,22,1,13,1,1,13,1,1,13,1,22,10,0
0,31,23,9,17,0,10,22,0,10,15,0,6,22,1
0,31,24,4,12,1,8,16,1,22,10,0,6,22,1
0,31,25,9,18,0,18,10,0,4,12,1,18,18,0
0,31,26,10,15,0,11,6,1,2,18,1,11,22,0
0,31,27,18,18,0,9,18,1,11,6,1,14,6,0
0,31,28,13,5,0,7,13,1,12,22,0,2,18,1
0,31,29,22,10,0,12,7,0,18,12,0,11,6,1
0,31,30,2,2,1,22,6,0,14,26,0,22,6,0
0,31,31,7,13,1,11,22,0,11,7,0,11,8,1
0,31,32,17,3,0,6,22,0,20,30,0,10,18,1
0,31,33,22,6,0,4,12,1,11,6,1,14,6,0
0,31,34,12,3,1,11,7,0,7,22,1,10,26,1
0,31,35,10,18,0,17,3,1,10,18,0,8,4,1
0,31,36,7,22,1,13,5,0,6,22,1,12,7,0
0,31,37,12,8,0,14,6,0,10,22,0,12,3,0
0,31,38,8,4,1,10,30,0,12,3,0,4,12,1
0,31,39,10,30,0,15,30,0,9,18,1,11,8,0
0,31,40,11,8,0,10,18,0,15,8,0,17,3,0
0,31,41,11,8,0,18,12,0,7,13,1,1,13,1
0,31,42,12,7,0,2,18,1,11,22,0,14,26,0
0,31,43,2,18,1,11,8,0,8,16,1,10,5,1
0,31,44,14,26,0,9,17,0,2,2,1,7,22,1
0,31,45,10,26,0,22,10,0,14,3,0,12,18,0
0,31,46,15,30,0,12,3,0,18,18,0,7,13,1
0,31,47,12,3,1,15,8,0,9,17,1,10,15,1
0,31,48,6,22,1,14,3,0,12,3,0,12,8,0
0,32,1,1,13,1,1,13,1,10,26,0,22,10,0
0,32,2,2,2,1,2,2,1,15,8,1,7,22,1
0,32,3,2,18,1,2,18,1,10,18,0,15,8,0
0,32,4,4,12,1,4,12,1,12,3,0,6,22,1
0,32,5,4,16,1,4,16,1,11,22,0,17,3,0
0,32,6,4,28,1,4,28,1,2,18,1,4,28,1
0,32,7,6,22,1,6,22,1,16,8,0,22,6,0
0,32,8,6,22,1,6,22,1,12,3,0,12,7,0
0,32,9,7,13,1,7,13,0,14,3,0,18,12,0
0,32,10,7,22,1,7,22,0,12,8,0,9,17,1
0,32,11,8,4,1,8,4,1,15,30,0,14,3,0
0,32,12,8,16,1,8,16,0,11,7,0,13,5,0
0,32,13,9,17,1,9,17,0,6,22,1,2,2,1
0,32,14,9,18,1,9,18,0,4,12,1,11,8,0
0,32,15,10,5,1,10,5,1,11,8,0,11,6,0
0,32,16,10,15,0,10,15,0,10,22,0,2,18,1
0,32,17,10,18,0,10,18,0,14,26,0,10,30,0
0,32,18,10,22,0,10,22,0,13,5,0,12,22,1
0,32,19,10,26,0,10,26,0,11,6,0,12,3,0
0,32,20,10,30,0,10,30,0,4,16,1,4,12,1
0,32,21,11,6,0,11,6,0,12,7,0,10,26,1
0,32,22,11,6,0,11,6,0,6,22,1,11,22,0
0,32,23,11,7,0,11,7,0,12,18,0,14,6,0
0,32,24,11,8,0,11,8,0,18,10,0,7,13,1
0,32,25,11,8,0,11,8,0,7,22,1,11,8,0
0,32,26,11,22,0,11,22,0,11,6,0,11,6,0
0,32,27,12,3,0,12,3,0,11,8,0,14,6,0
0,32,28,12,3,0,12,3,0,14,6,0,20,30,0
0,32,29,12,7,0,12,7,0,20,30,0,10,5,1
0,32,30,12,8,0,12,8,0,7,13,1,10,18,1
0,32,31,12,18,0,12,18,0,22,6,0,12,18,0
0,32,32,12,22,0,12,22,0,22,12,0,18,18,0
0,32,33,13,5,0,13,5,0,18,12,0,16,8,0
0,32,34,14,3,0,14,3,0,18,18,0,9,18,1
0,32,35,14,6,0,14,6,0,9,18,1,8,16,1
0,32,36,14,6,0,14,6,0,17,3,0,12,3,0
0,32,37,14,26,0,14,26,0,10,5,1,4,16,1
0,32,38,15,8,0,15,8,0,2,2,1,14,26,0
0,32,39,15,30,0,15,30,0,9,17,1,8,4,1
0,32,40,16,8,0,16,8,0,10,30,0,22,12,0
0,32,41,17,3,0,17,3,0,4,28,1,15,30,0
0,32,42,18,10,0,18,10,0,14,6,0,10,15,1
0,32,43,18,12,0,18,12,0,22,10,0,12,8,0
0,32,44,18,18,0,18,18,0,1,13,1,18,10,0
0,32,45,20,30,0,20,30,0,8,4,1,6,22,1
0,32,46,22,6,0,22,6,0,12,22,0,1,13,1
0,32,47,22,10,0,22,10,0,10,15,0,10,22,0
0,32,48,22,12,0,22,12,0,8,16,1,11,7,0
0,33,1,18,10,0,9,18,1,9,18,1,12,3,0
0,33,2,4,16,1,13,5,0,10,26,1,10,26,1
0,33,3,22,6,0,8,16,1,8,4,1,15,8,0
0,33,4,13,5,0,22,10,0,10,5,1,20,30,0
0,33,5,2,18,1,11,7,0,11,8,0,6,22,1
0,33,6,14,6,0,11,6,0,11,22,0,12,18,0
0,33,7,1,13,1,14,6,0,6,22,1,10,15,0
0,33,8,17,3,0,11,6,0,12,3,0,4,12,1
0,33,9,22,12,0,12,7,0,7,13,1,22,12,0
0,33,10,11,8,0,11,8,0,10,22,1,15,30,0
0,33,11,15,8,0,22,6,0,18,10,0,4,28,1
0,33,12,6,22,1,14,3,0,22,12,0,2,18,1
0,33,13,12,7,0,10,22,0,6,22,1,11,7,0
0,33,14,12,3,0,2,18,1,10,15,0,7,13,1
0,33,15,10,30,0,10,30,0,14,3,0,7,22,1
0,33,16,10,18,0,9,17,1,14,6,0,4,16,1
0,33,17,10,5,1,12,22,0,12,7,0,11,6,0
0,33,18,12,3,0,12,3,0,4,28,1,2,2,1
0,33,19,11,7,0,10,18,0,15,8,0,18,18,0
0,33,20,9,18,1,11,8,0,11,6,0,12,8,0
0,33,21,20,30,0,2,2,1,1,13,1,8,16,1
0,33,22,11,6,0,11,22,0,22,10,0,12,3,1
0,33,23,12,18,0,14,26,0,20,30,0,13,5,0
0,33,24,4,12,1,20,30,0,11,8,0,18,12,0
0,33,25,10,26,0,4,16,1,11,7,0,16,8,0
0,33,26,10,15,0,10,15,0,10,18,1,12,22,0
0,33,27,12,8,0,10,26,0,15,30,0,10,30,1
0,33,28,16,8,0,12,8,0,7,22,1,22,10,0
0,33,29,7,22,1,16,8,0,13,5,0,12,7,0
0,33,30,8,16,1,4,12,1,14,6,0,14,3,0
0,33,31,11,22,0,17,3,0,4,16,1,11,8,0
0,33,32,22,10,0,18,12,0,4,12,1,11,22,0
0,33,33,15,30,0,15,8,0,18,18,0,11,8,0
0,33,34,14,6,0,15,30,0,12,3,0,9,18,1
0,33,35,7,13,1,7,13,1,16,8,0,11,6,0
0,33,36,6,22,1,22,12,0,9,17,1,6,22,1
0,33,37,11,6,0,14,6,0,18,12,0,14,6,0
0,33,38,12,22,0,7,22,1,10,30,1,22,6,0
0,33,39,4,28,1,6,22,1,2,2,1,9,17,1
0,33,40,18,18,0,10,5,1,14,26,0,10,5,1
0,33,41,18,12,0,1,13,1,11,6,0,18,10,0
0,33,42,14,3,0,12,18,0,12,8,0,14,6,0
0,33,43,8,4,1,18,18,0,12,18,0,10,22,0
0,33,44,11,8,0,18,10,0,22,6,0,14,26,0
0,33,45,14,26,0,4,28,1,8,16,1,8,4,1
0,33,46,2,2,1,12,3,0,17,3,0,1,13,1
0,33,47,9,17,1,8,4,1,2,18,1,17,3,0
0,33,48,10,22,0,6,22,1,12,22,1,10,18,0
0,34,1,2,2,1,10,26,0,10,26,0,22,10,0
0,34,2,13,5,0,11,8,0,15,8,0,7,22,0
0,34,3,11,8,1,10,15,0,10,18,0,15,8,0
0,34,4,18,12,0,10,30,0,12,3,0,6,22,1
0,34,5,4,16,1,12,8,0,11,22,0,17,3,0
0,34,6,9,17,0,12,18,0,2,18,1,4,28,0
0,34,7,14,6,0,8,16,1,16,8,0,22,6,0
0,34,8,11,6,1,12,22,0,12,3,0,12,7,0
0,34,9,7,13,1,9,18,1,14,3,0,18,12,0
0,34,10,18,18,0,11,7,0,12,8,0,9,17,0
0,34,11,8,4,1,22,10,0,15,30,0,14,3,0
0,34,12,6,22,1,9,17,0,11,7,0,13,5,0
0,34,13,12,3,1,11,6,0,6,22,0,2,2,1
0,34,14,9,18,0,15,30,0,4,12,1,11,8,0
0,34,15,10,5,1,16,8,0,11,8,0,11,6,0
0,34,16,7,22,0,14,3,0,10,22,0,2,18,1
0,34,17,11,22,0,8,4,1,14,26,0,10,30,0
0,34,18,6,22,1,2,2,1,13,5,0,12,22,0
0,34,19,14,6,0,18,12,0,11,6,0,12,3,0
0,34,20,10,18,0,11,22,0,4,16,1,4,12,1
0,34,21,12,22,0,4,28,0,12,7,0,10,26,0
0,34,22,15,8,0,1,13,1,6,22,0,11,22,0
0,34,23,22,12,0,12,7,0,12,18,0,14,6,0
0,34,24,20,30,0,12,3,0,18,10,0,7,13,1
0,34,25,14,26,0,11,6,0,7,22,0,11,8,0
0,34,26,11,8,0,18,18,0,11,6,0,11,6,1
0,34,27,14,3,0,10,5,1,11,8,0,14,6,0
0,34,28,4,12,1,15,8,0,14,6,0,20,30,0
0,34,29,1,13,1,17,3,0,20,30,0,10,5,1
0,34,30,15,30,0,7,22,0,7,13,1,10,18,0
0,34,31,12,7,0,7,13,1,22,6,0,12,18,0
0,34,32,12,18,0,13,5,0,22,12,0,18,18,0
0,34,33,12,8,0,2,18,1,18,12,0,16,8,0
0,34,34,10,26,0,20,30,0,18,18,0,9,18,0
0,34,35,12,3,0,10,22,0,9,18,0,8,16,0
0,34,36,8,16,1,4,16,1,17,3,0,12,3,0
0,34,37,2,18,1,22,12,0,10,5,0,4,16,1
0,34,38,17,3,0,11,8,0,2,2,1,14,26,0
0,34,39,10,22,0,6,22,1,9,17,0,8,4,1
0,34,40,10,30,0,18,10,0,10,30,0,22,12,0
0,34,41,22,10,0,12,3,1,4,28,1,15,30,0
0,34,42,16,8,0,14,6,0,14,6,0,10,15,0
0,34,43,11,7,0,14,6,0,22,10,0,12,8,0
0,34,44,18,10,0,4,12,1,1,13,1,18,10,0
0,34,45,10,15,0,10,18,0,8,4,1,6,22,0
0,34,46,4,28,0,22,6,0,12,22,0,1,13,1
0,34,47,22,6,0,6,22,1,10,15,0,10,22,0
0,34,48,11,6,0,14,26,0,8,16,1,11,7,0
0,35,1,18,10,0,9,18,0,9,18,0,12,3,0
0,35,2,4,16,1,13,5,0,10,26,0,10,26,0
0,35,3,22,6,0,8,16,1,8,4,1,15,8,0
0,35,4,13,5,0,22,10,0,10,5,1,20,30,0
0,35,5,2,18,1,11,7,0,11,8,0,6,22,1
0,35,6,14,6,0,11,6,1,11,22,0,12,18,0
0,35,7,1,13,1,14,6,0,6,22,1,10,15,0
0,35,8,17,3,0,11,6,0,12,3,0,4,12,1
0,35,9,22,12,0,12,7,0,7,13,1,22,12,0
0,35,10,11,8,0,11,8,0,10,22,0,15,30,0
0,35,11,15,8,0,22,6,0,18,10,0,4,28,1
0,35,12,6,22,0,14,3,0,22,12,0,2,18,1
0,35,13,12,7,0,10,22,0,6,22,1,11,7,0
0,35,14,12,3,1,2,18,1,10,15,0,7,13,1
0,35,15,10,30,0,10,30,0,14,3,0,7,22,0
0,35,16,10,18,0,9,17,0,14,6,0,4,16,1
0,35,17,10,5,1,12,22,0,12,7,0,11,6,0
0,35,18,12,3,1,12,3,1,4,28,1,2,2,1
0,35,19,11,7,1,10,18,0,15,8,0,18,18,0
0,35,20,9,18,0,11,8,0,11,6,1,12,8,0
0,35,21,20,30,0,2,2,1,1,13,1,8,16,0
0,35,22,11,6,1,11,22,0,22,10,0,12,3,0
0,35,23,12,18,0,14,26,0,20,30,0,13,5,0
0,35,24,4,12,1,20,30,0,11,8,1,18,12,0
0,35,25,10,26,0,4,16,1,11,7,1,16,8,0
0,35,26,10,15,0,10,15,0,10,18,0,12,22,0
0,35,27,12,8,1,10,26,0,15,30,0,10,30,0
0,35,28,16,8,0,12,8,0,7,22,1,22,10,0
0,35,29,7,22,0,16,8,0,13,5,0,12,7,0
0,35,30,8,16,1,4,12,1,14,6,0,14,3,0
0,35,31,11,22,0,17,3,0,4,16,1,11,8,0
0,35,32,22,10,0,18,12,0,4,12,1,11,22,0
0,35,33,15,30,0,15,8,0,18,18,0,11,8,0
0,35,34,14,6,0,15,30,0,12,3,1,9,18,0
0,35,35,7,13,1,7,13,1,16,8,0,11,6,0
0,35,36,6,22,0,22,12,0,9,17,0,6,22,1
0,35,37,11,6,0,14,6,0,18,12,0,14,6,0
0,35,38,12,22,0,7,22,0,10,30,0,22,6,0
0,35,39,4,28,1,6,22,1,2,2,1,9,17,0
0,35,40,18,18,0,10,5,1,14,26,0,10,5,1
0,35,41,18,12,0,1,13,1,11,6,0,18,10,0
0,35,42,14,3,1,12,18,0,12,8,0,14,6,0
0,35,43,8,4,1,18,18,0,12,18,0,10,22,0
0,35,44,11,8,0,18,10,0,22,6,0,14,26,0
0,35,45,14,26,0,4,28,0,8,16,1,8,4,1
0,35,46,2,2,1,12,3,0,17,3,0,1,13,1
0,35,47,9,17,0,8,4,1,2,18,1,17,3,0
0,35,48,10,22,0,6,22,0,12,22,0,10,18,0
0,36,1,18,10,0,9,18,0,9,18,1,12,3,0
0,36,2,4,16,1,13,5,1,10,26,0,10,26,0
0,36,3,22,6,0,8,16,0,8,4,1,15,8,0
0,36,4,13,5,1,22,10,0,10,5,1,20,30,0
0,36,5,2,18,1,11,7,1,11,8,0,6,22,0
0,36,6,14,6,0,11,6,1,11,22,0,12,18,0
0,36,7,1,13,1,14,6,0,6,22,1,10,15,0
0,36,8,17,3,0,11,6,0,12,3,0,4,12,1
0,36,9,22,12,0,12,7,0,7,13,1,22,12,0
0,36,10,11,8,1,11,8,0,10,22,0,15,30,0
0,36,11,15,8,0,22,6,0,18,10,0,4,28,0
0,36,12,6,22,0,14,3,0,22,12,0,2,18,1
0,36,13,12,7,0,10,22,0,6,22,1,11,7,1
0,36,14,12,3,1,2,18,1,10,15,0,7,13,1
0,36,15,10,30,0,10,30,0,14,3,0,7,22,0
0,36,16,10,18,0,9,17,0,14,6,0,4,16,1
0,36,17,10,5,1,12,22,0,12,7,0,11,6,0
0,36,18,12,3,1,12,3,1,4,28,1,2,2,1
0,36,19,11,7,1,10,18,0,15,8,0,18,18,0
0,36,20,9,18,0,11,8,1,11,6,0,12,8,0
0,36,21,20,30,0,2,2,1,1,13,1,8,16,0
0,36,22,11,6,1,11,22,0,22,10,0,12,3,0
0,36,23,12,18,0,14,26,0,20,30,0,13,5,1
0,36,24,4,12,1,20,30,0,11,8,0,18,12,0
0,36,25,10,26,0,4,16,1,11,7,0,16,8,0
0,36,26,10,15,0,10,15,0,10,18,0,12,22,0
0,36,27,12,8,0,10,26,0,15,30,0,10,30,0
0,36,28,16,8,0,12,8,0,7,22,0,22,10,0
0,36,29,7,22,0,16,8,0,13,5,0,12,7,0
0,36,30,8,16,0,4,12,1,14,6,0,14,3,0
0,36,31,11,22,0,17,3,0,4,16,1,11,8,1
0,36,32,22,10,0,18,12,0,4,12,1,11,22,0
0,36,33,15,30,0,15,8,0,18,18,0,11,8,0
0,36,34,14,6,0,15,30,0,12,3,0,9,18,0
0,36,35,7,13,1,7,13,1,16,8,0,11,6,1
0,36,36,6,22,0,22,12,0,9,17,0,6,22,1
0,36,37,11,6,1,14,6,0,18,12,0,14,6,0
0,36,38,12,22,0,7,22,0,10,30,0,22,6,0
0,36,39,4,28,0,6,22,0,2,2,1,9,17,0
0,36,40,18,18,0,10,5,1,14,26,0,10,5,1
0,36,41,18,12,0,1,13,1,11,6,0,18,10,0
0,36,42,14,3,1,12,18,0,12,8,0,14,6,0
0,36,43,8,4,1,18,18,0,12,18,0,10,22,0
0,36,44,11,8,0,18,10,0,22,6,0,14,26,0
0,36,45,14,26,0,4,28,1,8,16,0,8,4,1
0,36,46,2,2,1,12,3,1,17,3,0,1,13,1
0,36,47,9,17,0,8,4,1,2,18,1,17,3,0
0,36,48,10,22,0,6,22,0,12,22,0,10,18,0
0,37,1,10,26,0,22,10,0,10,26,0,2,2,1
0,37,2,15,8,0,7,22,1,11,8,0,13,5,0
0,37,3,10,18,0,15,8,0,10,15,0,11,8,0
0,37,4,12,3,0,6,22,1,10,30,0,18,12,0
0,37,5,11,22,0,17,3,0,12,8,0,4,16,1
0,37,6,2,18,1,4,28,1,12,18,0,9,17,1
0,37,7,16,8,0,22,6,0,8,16,1,14,6,0
0,37,8,12,3,0,12,7,0,12,22,0,11,6,0
0,37,9,14,3,0,18,12,0,9,18,1,7,13,1
0,37,10,12,8,0,9,17,1,11,7,0,18,18,0
0,37,11,15,30,0,14,3,0,22,10,0,8,4,1
0,37,12,11,7,0,13,5,0,9,17,1,6,22,1
0,37,13,6,22,1,2,2,1,11,6,0,12,3,0
0,37,14,4,12,1,11,8,0,15,30,0,9,18,1
0,37,15,11,8,0,11,6,0,16,8,0,10,5,1
0,37,16,10,22,0,2,18,1,14,3,0,7,22,1
0,37,17,14,26,0,10,30,0,8,4,1,11,22,0
0,37,18,13,5,0,12,22,0,2,2,1,6,22,1
0,37,19,11,6,0,12,3,0,18,12,0,14,6,0
0,37,20,4,16,1,4,12,1,11,22,0,10,18,0
0,37,21,12,7,0,10,26,0,4,28,1,12,22,0
0,37,22,6,22,1,11,22,0,1,13,1,15,8,0
0,37,23,12,18,0,14,6,0,12,7,0,22,12,0
0,37,24,18,10,0,7,13,1,12,3,0,20,30,0
0,37,25,7,22,1,11,8,0,11,6,0,14,26,0
0,37,26,11,6,0,11,6,0,18,18,0,11,8,0
0,37,27,11,8,0,14,6,0,10,5,1,14,3,0
0,37,28,14,6,0,20,30,0,15,8,0,4,12,1
0,37,29,20,30,0,10,5,1,17,3,0,1,13,1
0,37,30,7,13,1,10,18,0,7,22,1,15,30,0
0,37,31,22,6,0,12,18,0,7,13,1,12,7,0
0,37,32,22,12,0,18,18,0,13,5,0,12,18,0
0,37,33,18,12,0,16,8,0,2,18,1,12,8,0
0,37,34,18,18,0,9,18,1,20,30,0,10,26,0
0,37,35,9,18,1,8,16,1,10,22,0,12,3,0
0,37,36,17,3,0,12,3,0,4,16,1,8,16,1
0,37,37,10,5,1,4,16,1,22,12,0,2,18,1
0,37,38,2,2,1,14,26,0,11,8,0,17,3,0
0,37,39,9,17,1,8,4,1,6,22,1,10,22,0
0,37,40,10,30,0,22,12,0,18,10,0,10,30,0
0,37,41,4,28,1,15,30,0,12,3,0,22,10,0
0,37,42,14,6,0,10,15,0,14,6,0,16,8,0
0,37,43,22,10,0,12,8,0,14,6,0,11,7,0
0,37,44,1,13,1,18,10,0,4,12,1,18,10,0
0,37,45,8,4,1,6,22,1,10,18,0,10,15,0
0,37,46,12,22,0,1,13,1,22,6,0,4,28,1
0,37,47,10,15,0,10,22,0,6,22,1,22,6,0
0,37,48,8,16,1,11,7,0,14,26,0,11,6,0
0,38,1,15,8,1,10,5,1,8,4,1,8,16,1
0,38,2,14,6,1,10,15,0,10,5,1,9,17,1
0,38,3,22,12,0,20,30,0,14,6,1,12,22,1
0,38,4,16,8,1,12,3,1,22,12,0,16,8,0
0,38,5,12,18,0,6,22,1,14,6,1,9,18,1
0,38,6,20,30,0,8,4,1,12,18,0,4,16,1
0,38,7,10,5,1,7,22,1,22,6,1,10,30,1
0,38,8,4,16,1,14,6,1,12,7,1,11,6,1
0,38,9,18,12,0,22,12,0,4,28,1,4,28,1
0,38,10,14,6,1,14,26,0,11,8,1,10,22,1
0,38,11,8,16,1,4,16,1,16,8,1,22,12,1
0,38,12,11,6,1,12,22,0,12,8,1,18,10,1
0,38,13,11,7,1,12,18,0,13,5,1,15,30,0
0,38,14,12,22,0,4,28,1,18,10,0,20,30,0
0,38,15,10,22,0,11,8,1,4,16,1,12,3,1
0,38,16,6,22,1,18,18,0,10,26,0,11,7,1
0,38,17,11,22,0,11,6,1,11,8,1,2,2,1
0,38,18,4,28,1,10,26,0,10,30,0,13,5,1
0,38,19,11,6,1,2,2,1,6,22,1,15,8,1
0,38,20,14,3,1,12,8,1,15,30,0,14,3,1
0,38,21,18,10,0,16,8,1,17,3,1,18,12,0
0,38,22,1,13,1,1,13,1,1,13,1,22,10,0
0,38,23,9,17,1,10,22,0,10,15,0,6,22,1
0,38,24,4,12,1,8,16,1,22,10,0,6,22,1
0,38,25,9,18,1,18,10,0,4,12,1,18,18,0
0,38,26,10,15,0,11,6,1,2,18,1,11,22,0
0,38,27,18,18,0,9,18,1,11,6,1,14,6,1
0,38,28,13,5,1,7,13,1,12,22,0,2,18,1
0,38,29,22,10,0,12,7,1,18,12,0,11,6,0
0,38,30,2,2,1,22,6,1,14,26,0,22,6,1
0,38,31,7,13,1,11,22,0,11,7,1,11,8,1
0,38,32,17,3,1,6,22,1,20,30,0,10,18,0
0,38,33,22,6,1,4,12,1,11,6,1,14,6,1
0,38,34,12,3,1,11,7,1,7,22,1,10,26,0
0,38,35,10,18,0,17,3,1,10,18,0,8,4,1
0,38,36,7,22,1,13,5,1,6,22,1,12,7,1
0,38,37,12,8,1,14,6,1,10,22,0,12,3,1
0,38,38,8,4,1,10,30,0,12,3,1,4,12,1
0,38,39,10,30,0,15,30,0,9,18,1,11,8,1
0,38,40,11,8,1,10,18,0,15,8,1,17,3,1
0,38,41,11,8,1,18,12,0,7,13,1,1,13,1
0,38,42,12,7,1,2,18,1,11,22,0,14,26,0
0,38,43,2,18,1,11,8,1,8,16,1,10,5,1
0,38,44,14,26,0,9,17,1,2,2,1,7,22,1
0,38,45,10,26,0,22,10,0,14,3,1,12,18,0
0,38,46,15,30,0,12,3,1,18,18,0,7,13,1
0,38,47,12,3,1,15,8,1,9,17,1,10,15,0
0,38,48,6,22,1,14,3,1,12,3,1,12,8,1
0,39,1,1,13,1,1,13,1,1,13,1,1,13,1
0,39,2,2,2,1,2,2,1,2,2,1,2,2,1
0,39,3,2,18,1,2,18,1,2,18,1,2,18,1
0,39,4,4,12,1,4,12,1,4,12,1,4,12,1
0,39,5,4,16,1,4,16,1,4,16,1,4,16,1
0,39,6,4,28,1,4,28,1,4,28,1,4,28,1
0,39,7,6,22,0,6,22,1,6,22,1,6,22,1
0,39,8,6,22,0,6,22,1,6,22,1,6,22,1
0,39,9,7,13,1,7,13,1,7,13,1,7,13,1
0,39,10,7,22,0,7,22,1,7,22,1,7,22,1
0,39,11,8,4,1,8,4,1,8,4,1,8,4,1
0,39,12,8,16,0,8,16,1,8,16,1,8,16,1
0,39,13,9,17,1,9,17,1,9,17,1,9,17,1
0,39,14,9,18,1,9,18,1,9,18,1,9,18,1
0,39,15,10,5,1,10,5,1,10,5,1,10,5,1
0,39,16,10,15,1,10,15,0,10,15,0,10,15,0
0,39,17,10,18,0,10,18,0,10,18,1,10,18,0
0,39,18,10,22,1,10,22,0,10,22,0,10,22,0
0,39,19,10,26,1,10,26,0,10,26,0,10,26,0
0,39,20,10,30,1,10,30,0,10,30,1,10,30,0
0,39,21,11,6,1,11,6,0,11,6,0,11,6,0
0,39,22,11,6,0,11,6,1,11,6,0,11,6,0
0,39,23,11,7,1,11,7,1,11,7,0,11,7,0
0,39,24,11,8,1,11,8,1,11,8,1,11,8,0
0,39,25,11,8,1,11,8,1,11,8,0,11,8,0
0,39,26,11,22,1,11,22,0,11,22,0,11,22,0
0,39,27,12,3,1,12,3,1,12,3,0,12,3,0
0,39,28,12,3,1,12,3,1,12,3,1,12,3,0
0,39,29,12,7,0,12,7,0,12,7,1,12,7,0
0,39,30,12,8,1,12,8,0,12,8,0,12,8,0
0,39,31,12,18,1,12,18,0,12,18,0,12,18,0
0,39,32,12,22,1,12,22,0,12,22,0,12,22,0
0,39,33,13,5,1,13,5,1,13,5,1,13,5,0
0,39,34,14,3,1,14,3,0,14,3,1,14,3,0
0,39,35,14,6,0,14,6,1,14,6,1,14,6,0
0,39,36,14,6,0,14,6,0,14,6,1,14,6,0
0,39,37,14,26,1,14,26,0,14,26,0,14,26,0
0,39,38,15,8,1,15,8,0,15,8,1,15,8,0
0,39,39,15,30,1,15,30,0,15,30,0,15,30,0
0,39,40,16,8,1,16,8,0,16,8,1,16,8,0
0,39,41,17,3,1,17,3,1,17,3,0,17,3,0
0,39,42,18,10,0,18,10,0,18,10,0,18,10,0
0,39,43,18,12,0,18,12,0,18,12,0,18,12,0
0,39,44,18,18,0,18,18,0,18,18,0,18,18,0
0,39,45,20,30,1,20,30,0,20,30,0,20,30,0
0,39,46,22,6,1,22,6,1,22,6,0,22,6,0
0,39,47,22,10,0,22,10,0,22,10,0,22,10,0
0,39,48,22,12,1,22,12,0,22,12,0,22,12,0
0,40,1,12,8,0,12,7,0,14,6,0,6,22,1
0,40,2,12,3,1,2,18,1,12,7,1,20,30,0
0,40,3,8,4,1,18,12,0,11,6,1,10,26,0
0,40,4,4,28,0,12,22,0,9,18,0,6,22,1
0,40,5,7,22,0,8,16,1,7,22,0,11,22,0
0,40,6,9,17,0,14,6,0,14,6,0,10,30,0
0,40,7,6,22,0,11,8,0,11,7,1,7,13,1
0,40,8,9,18,0,4,12,1,14,3,1,17,3,0
0,40,9,10,26,0,12,8,0,22,12,0,14,26,0
0,40,10,12,22,0,11,22,0,13,5,0,18,12,0
0,40,11,10,5,1,12,3,1,12,8,0,12,22,0
0,40,12,10,15,0,22,10,0,12,3,0,11,6,0
0,40,13,13,5,0,16,8,0,4,28,1,2,2,1
0,40,14,10,22,0,2,2,1,12,3,0,22,10,0
0,40,15,18,18,0,10,22,0,12,18,0,7,22,1
0,40,16,14,3,0,22,6,0,6,22,1,8,16,1
0,40,17,4,12,1,6,22,0,10,26,0,9,17,0
0,40,18,4,16,1,10,5,1,15,8,0,1,13,1
0,40,19,11,6,1,20,30,0,18,12,0,10,5,1
0,40,20,11,8,0,10,30,0,1,13,1,9,18,0
0,40,21,11,8,1,22,12,0,8,16,0,15,8,0
0,40,22,2,18,1,10,26,0,2,2,1,8,4,1
0,40,23,12,7,0,13,5,0,20,30,0,18,10,0
0,40,24,11,7,1,11,6,1,4,12,1,15,30,0
0,40,25,15,8,0,17,3,0,7,13,1,4,16,1
0,40,26,16,8,0,7,22,0,10,18,0,22,12,0
0,40,27,18,10,0,14,3,0,22,10,0,14,6,0
0,40,28,22,6,0,15,30,0,11,8,1,10,18,0
0,40,29,10,30,0,7,13,0,10,5,1,4,12,1
0,40,30,8,16,1,9,18,1,11,6,1,12,18,0
0,40,31,15,30,0,11,6,0,16,8,0,16,8,0
0,40,32,1,13,1,12,18,0,10,30,0,22,6,0
0,40,33,14,6,0,11,7,1,22,6,0,11,6,0
0,40,34,11,22,0,10,15,0,14,26,0,12,7,0
0,40,35,12,3,1,14,6,0,18,10,0,2,18,1
0,40,36,11,6,1,9,17,0,2,18,1,10,15,0
0,40,37,17,3,0,11,8,0,11,22,0,12,3,0
0,40,38,22,12,0,18,10,0,17,3,0,14,3,0
0,40,39,18,12,0,18,18,0,18,18,0,18,18,0
0,40,40,12,18,0,4,28,0,10,15,0,11,7,1
0,40,41,6,22,0,10,18,0,6,22,0,11,8,1
0,40,42,10,18,0,4,16,1,9,17,0,11,8,1
0,40,43,14,6,0,12,3,1,12,22,0,14,6,0
0,40,44,2,2,1,15,8,0,15,30,0,12,3,0
0,40,45,7,13,1,14,26,0,8,4,1,12,8,0
0,40,46,14,26,0,1,13,1,11,8,1,13,5,0
0,40,47,20,30,0,8,4,1,4,16,1,4,28,1
0,40,48,22,10,0,6,22,0,10,22,0,10,22,0
0,41,1,15,30,0,11,22,0,22,12,0,17,3,1
0,41,2,14,26,0,8,16,0,2,2,1,20,30,0
0,41,3,10,18,0,4,28,0,22,6,0,10,5,1
0,41,4,4,12,1,6,22,1,9,17,1,16,8,0
0,41,5,10,30,0,8,4,1,10,15,0,11,6,1
0,41,6,10,22,0,10,26,0,15,8,0,1,13,1
0,41,7,14,6,1,10,15,0,13,5,1,10,26,0
0,41,8,12,22,0,12,22,0,10,22,0,9,17,0
0,41,9,17,3,0,4,12,1,12,3,1,7,22,0
0,41,10,7,22,0,11,6,1,12,3,1,4,28,0
0,41,11,22,12,0,16,8,0,12,18,0,18,12,0
0,41,12,13,5,1,22,10,0,1,13,1,10,18,0
0,41,13,11,22,0,10,5,1,9,18,0,14,6,1
0,41,14,4,16,1,10,30,0,11,6,1,12,8,1
0,41,15,22,10,0,13,5,1,14,6,1,10,22,0
0,41,16,8,16,0,12,18,0,8,16,0,15,8,0
0,41,17,12,3,1,15,30,0,18,12,0,15,30,0
0,41,18,15,8,0,2,2,1,11,7,1,4,16,1
0,41,19,22,6,0,9,17,0,17,3,1,2,2,1
0,41,20,6,22,0,14,6,1,22,10,0,4,12,1
0,41,21,10,15,0,2,18,1,7,13,1,6,22,0
0,41,22,18,10,0,9,18,0,14,3,1,18,18,0
0,41,23,7,13,1,12,8,1,20,30,0,11,6,1
0,41,24,12,18,0,14,26,0,18,10,0,10,15,0
0,41,25,10,26,0,18,18,0,11,22,0,11,8,1
0,41,26,12,3,1,12,3,1,14,26,0,12,3,1
0,41,27,11,7,1,4,16,1,8,4,1,14,3,1
0,41,28,4,28,0,6,22,0,6,22,0,18,10,0
0,41,29,8,4,1,7,13,1,10,5,1,6,22,0
0,41,30,16,8,0,11,8,1,2,18,1,12,7,1
0,41,31,18,12,0,22,6,0,14,6,1,12,3,1
0,41,32,11,8,1,1,13,1,7,22,0,11,22,0
0,41,33,9,18,0,11,6,1,4,12,1,7,13,1
0,41,34,12,7,1,20,30,0,15,30,0,22,10,0
0,41,35,6,22,0,18,12,0,16,8,0,10,30,0
0,41,36,10,5,1,14,3,1,10,30,0,11,7,1
0,41,37,2,2,1,12,7,0,11,8,1,12,22,0
0,41,38,11,8,1,12,3,1,10,26,0,12,18,0
0,41,39,11,6,1,17,3,1,10,18,0,22,6,0
0,41,40,11,6,1,7,22,1,4,28,0,8,4,1
0,41,41,12,8,1,22,12,0,11,8,1,2,18,1
0,41,42,14,3,1,11,7,1,12,8,1,11,8,1
0,41,43,14,6,1,10,18,0,18,18,0,13,5,1
0,41,44,1,13,1,15,8,0,12,22,0,8,16,0
0,41,45,9,17,0,10,22,0,4,16,1,22,12,0
0,41,46,18,18,0,14,6,0,6,22,1,14,6,1
0,41,47,20,30,0,11,8,1,12,7,0,9,18,0
0,41,48,2,18,1,18,10,0,11,6,1,14,26,0
0,42,1,11,6,1,14,26,0,10,30,1,14,6,1
0,42,2,7,22,1,18,10,0,18,10,0,4,16,1
0,42,3,4,16,1,18,12,0,12,3,1,6,22,1
0,42,4,18,12,1,12,18,0,14,26,0,12,22,0
0,42,5,22,6,1,11,22,0,20,30,0,8,16,0
0,42,6,16,8,1,10,18,0,11,7,1,10,5,1
0,42,7,11,8,1,16,8,0,6,22,1,11,8,1
0,42,8,8,4,1,12,22,0,7,13,1,8,4,1
0,42,9,11,6,1,10,22,0,11,6,1,10,30,0
0,42,10,14,3,1,11,6,1,10,15,1,10,22,0
0,42,11,10,26,1,14,6,0,11,22,0,11,8,1
0,42,12,11,8,1,22,12,0,6,22,1,12,7,1
0,42,13,22,10,0,2,18,1,2,18,1,1,13,1
0,42,14,7,13,1,9,17,1,16,8,1,7,13,1
0,42,15,9,18,0,22,6,0,11,6,1,11,6,1
0,42,16,1,13,1,8,4,1,12,3,1,12,3,1
0,42,17,12,3,1,13,5,1,9,18,0,12,18,0
0,42,18,10,30,0,15,30,0,10,26,0,14,3,1
0,42,19,6,22,1,11,8,1,10,18,0,18,10,0
0,42,20,10,15,0,12,3,1,8,16,1,10,18,0
0,42,21,4,12,1,4,12,1,10,5,1,6,22,1
0,42,22,17,3,1,11,7,1,17,3,1,11,6,1
0,42,23,6,22,1,20,30,0,15,30,0,10,26,0
0,42,24,20,30,0,14,3,1,12,7,1,15,8,0
0,42,25,11,22,0,12,3,1,15,8,0,2,18,1
0,42,26,9,17,0,11,8,1,10,22,0,4,12,1
0,42,27,18,10,0,15,8,0,22,6,0,2,2,1
0,42,28,18,18,0,8,16,1,11,8,1,11,22,0
0,42,29,8,16,1,14,6,1,12,8,1,18,12,0
0,42,30,14,26,0,7,22,0,12,22,0,12,8,0
0,42,31,22,12,0,9,18,0,4,28,1,20,30,0
0,42,32,10,5,1,12,7,1,4,16,1,13,5,1
0,42,33,12,8,0,17,3,0,12,18,0,15,30,0
0,42,34,12,22,0,4,28,1,2,2,1,9,17,1
0,42,35,14,6,1,6,22,0,22,10,0,18,18,0
0,42,36,2,18,1,1,13,1,22,12,0,17,3,1
0,42,37,14,6,1,10,15,0,18,12,0,10,15,1
0,42,38,15,8,1,6,22,1,14,3,1,22,10,0
0,42,39,15,30,0,11,6,1,11,8,1,14,6,1
0,42,40,10,18,0,12,8,1,13,5,1,16,8,1
0,42,41,12,3,1,22,10,0,18,18,0,12,3,1
0,42,42,13,5,1,10,5,1,9,17,1,14,26,0
0,42,43,12,7,1,4,16,1,1,13,1,11,7,1
0,42,44,12,18,0,7,13,1,14,6,1,9,18,1
0,42,45,4,28,1,10,26,0,14,6,1,7,22,0
0,42,46,2,2,1,10,30,0,4,12,1,22,12,0
0,42,47,10,22,0,18,18,0,8,4,1,22,6,0
0,42,48,11,7,1,2,2,1,7,22,0,4,28,1
0,43,1,6,22,1,9,17,1,11,22,0,10,22,1
0,43,2,18,18,0,12,3,0,15,30,0,8,16,1
0,43,3,10,30,0,10,30,0,15,8,0,9,18,1
0,43,4,11,7,0,18,18,0,22,12,0,13,5,0
0,43,5,11,8,0,10,22,0,2,2,1,1,13,1
0,43,6,6,22,1,1,13,1,10,5,1,10,5,1
0,43,7,7,22,1,10,26,0,10,15,0,12,3,0
0,43,8,10,18,0,11,8,0,6,22,1,10,30,1
0,43,9,8,16,1,14,3,0,12,8,0,22,12,0
0,43,10,12,3,0,12,22,0,12,22,0,9,17,1
0,43,11,8,4,1,9,18,1,22,6,0,12,22,0
0,43,12,12,18,0,12,18,0,11,8,0,14,26,0
0,43,13,22,6,1,22,10,0,9,18,1,14,6,0
0,43,14,10,15,0,10,15,0,11,6,1,10,18,0
0,43,15,10,22,0,11,6,0,18,10,0,11,8,0
0,43,16,14,26,0,12,3,0,10,18,0,6,22,1
0,43,17,14,6,0,10,18,0,12,7,0,14,6,0
0,43,18,11,6,0,11,8,0,17,3,0,2,2,1
0,43,19,14,3,0,15,8,0,8,4,1,14,3,0
0,43,20,22,12,0,18,12,0,4,28,1,12,8,0
0,43,21,12,8,0,2,18,1,22,10,0,15,8,0
0,43,22,2,2,1,12,8,0,1,13,1,7,13,1
0,43,23,20,30,0,8,16,1,4,12,1,10,15,0
0,43,24,15,8,0,17,3,0,6,22,1,17,3,0
0,43,25,9,18,0,4,28,1,7,13,1,8,4,1
0,43,26,12,7,0,2,2,1,14,26,0,11,22,0
0,43,27,4,12,1,11,6,1,11,6,1,22,10,0
0,43,28,15,30,0,6,22,1,14,3,0,11,6,1
0,43,29,10,26,0,16,8,0,11,8,0,18,10,0
0,43,30,2,18,1,4,16,1,12,3,0,12,7,0
0,43,31,4,16,1,18,10,0,10,30,0,7,22,1
0,43,32,16,8,1,7,13,1,12,18,0,15,30,0
0,43,33,12,22,0,8,4,1,11,7,0,4,16,1
0,43,34,17,3,0,12,7,0,2,18,1,2,18,1
0,43,35,1,13,1,22,6,0,14,6,0,20,30,0
0,43,36,10,5,1,14,6,0,20,30,0,4,28,1
0,43,37,14,6,0,6,22,1,16,8,0,12,18,0
0,43,38,18,12,0,14,6,0,10,22,0,22,6,0
0,43,39,4,28,1,22,12,0,4,16,1,11,6,1
0,43,40,9,17,0,13,5,0,18,18,0,12,3,0
0,43,41,11,6,1,7,22,1,7,22,1,6,22,1
0,43,42,11,22,0,4,12,1,18,12,0,16,8,0
0,43,43,18,10,0,20,30,0,12,3,0,18,12,0
0,43,44,11,8,0,15,30,0,8,16,1,10,26,1
0,43,45,22,10,0,11,7,0,13,5,0,11,7,0
0,43,46,7,13,1,10,5,1,10,26,0,18,18,0
0,43,47,12,3,0,14,26,0,14,6,0,11,8,0
0,43,48,13,5,0,11,22,0,9,17,1,4,12,1
0,44,1,13,5,0,22,12,0,14,26,0,10,5,0
0,44,2,8,16,0,2,2,1,11,7,0,4,12,1
0,44,3,15,8,0,7,22,0,14,3,0,15,8,0
0,44,4,9,18,0,9,17,0,17,3,0,2,18,1
0,44,5,4,28,0,13,5,0,6,22,1,7,13,1
0,44,6,17,3,0,18,10,0,11,8,0,11,22,1
0,44,7,14,6,0,14,26,0,2,2,1,17,3,0
0,44,8,4,12,1,18,12,0,12,22,0,10,26,1
0,44,9,10,15,0,15,30,0,7,22,0,8,4,1
0,44,10,11,8,0,11,8,0,12,18,0,9,17,0
0,44,11,4,16,1,11,6,0,12,3,0,10,22,0
0,44,12,18,18,0,1,13,1,13,5,0,12,22,0
0,44,13,14,3,0,4,16,1,22,12,0,9,18,0
0,44,14,11,7,1,9,18,0,2,18,1,11,6,0
0,44,15,10,22,0,11,8,1,14,6,0,16,8,0
0,44,16,11,6,1,15,8,0,15,30,0,20,30,0
0,44,17,22,12,0,14,3,0,16,8,0,12,3,0
0,44,18,11,8,1,10,30,0,8,4,1,18,10,0
0,44,19,6,22,1,18,18,0,18,18,0,22,12,0
0,44,20,14,26,0,11,7,1,12,8,0,13,5,0
0,44,21,12,3,1,6,22,0,4,28,1,11,7,0
0,44,22,10,30,0,12,3,1,10,15,0,11,8,0
0,44,23,11,6,1,12,18,0,1,13,1,6,22,1
0,44,24,12,18,0,4,28,0,22,10,0,22,6,0
0,44,25,8,4,1,12,22,0,11,8,0,4,16,1
0,44,26,22,10,0,17,3,0,12,7,0,12,7,0
0,44,27,10,18,0,7,13,1,10,18,0,7,22,0
0,44,28,7,13,1,12,8,0,20,30,0,15,30,0
0,44,29,12,7,0,22,6,0,6,22,0,14,6,0
0,44,30,10,26,0,10,15,0,18,10,0,6,22,0
0,44,31,2,18,1,8,16,0,11,6,0,11,6,0
0,44,32,14,6,0,11,22,0,9,18,0,18,18,0
0,44,33,15,30,0,4,12,1,18,12,0,10,18,0
0,44,34,12,3,1,6,22,0,4,12,1,11,8,0
0,44,35,12,22,0,14,6,0,22,6,0,12,18,0
0,44,36,18,12,0,10,18,0,10,26,0,14,26,0
0,44,37,11,22,0,8,4,1,14,6,0,12,3,0
0,44,38,1,13,1,2,18,1,10,5,1,8,16,1
0,44,39,18,10,0,20,30,0,11,6,0,1,13,1
0,44,40,7,22,0,12,3,1,4,16,1,14,3,0
0,44,41,16,8,0,12,7,0,15,8,0,14,6,0
0,44,42,22,6,0,10,22,0,10,30,0,12,8,0
0,44,43,12,8,0,14,6,0,10,22,0,18,12,0
0,44,44,2,2,1,11,6,1,8,16,0,10,15,0
0,44,45,6,22,0,10,5,1,11,22,0,10,30,0
0,44,46,9,17,0,22,10,0,9,17,0,2,2,1
0,44,47,10,5,1,16,8,0,12,3,1,22,10,0
0,44,48,20,30,0,10,26,0,7,13,1,4,28,1
0,45,1,14,6,1,1,13,1,9,17,1,12,18,0
0,45,2,12,22,0,11,8,0,11,8,0,22,12,0
0,45,3,11,8,0,20,30,0,12,18,1,18,18,0
0,45,4,10,22,0,22,6,0,7,13,1,13,5,0
0,45,5,7,22,0,7,13,1,6,22,1,12,7,0
0,45,6,18,12,0,4,28,1,16,8,1,6,22,1
0,45,7,8,16,1,9,17,1,8,4,1,16,8,0
0,45,8,22,6,0,18,18,0,10,5,1,11,6,0
0,45,9,18,18,0,22,10,0,2,18,1,12,3,1
0,45,10,2,2,1,9,18,0,11,6,0,20,30,0
0,45,11,12,8,0,10,26,0,10,30,0,10,30,0
0,45,12,10,26,0,4,16,1,22,10,0,22,6,0
0,45,13,9,18,0,8,16,1,18,12,0,8,4,1
0,45,14,4,16,1,12,7,0,18,18,0,4,16,1
0,45,15,6,22,0,12,3,1,7,22,1,12,3,1
0,45,16,11,8,0,15,8,0,10,18,0,10,26,0
0,45,17,10,18,0,4,12,1,12,8,0,14,6,0
0,45,18,15,30,0,6,22,0,11,6,0,11,8,0
0,45,19,4,12,1,11,6,0,12,3,1,7,13,1
0,45,20,22,10,0,10,22,0,9,18,1,18,10,0
0,45,21,14,26,0,12,22,0,12,22,0,2,2,1
0,45,22,16,8,0,14,6,0,8,16,1,11,7,0
0,45,23,11,7,1,10,15,0,18,10,0,2,18,1
0,45,24,12,3,1,10,18,0,4,16,1,10,18,0
0,45,25,1,13,1,8,4,1,4,12,1,10,22,0
0,45,26,11,6,1,14,6,1,12,7,0,15,8,0
0,45,27,15,8,0,12,3,1,14,6,1,11,22,0
0,45,28,14,3,1,16,8,0,10,15,0,17,3,0
0,45,29,18,10,0,2,2,1,14,6,0,22,10,0
0,45,30,20,30,0,2,18,1,22,12,0,14,26,0
0,45,31,7,13,1,12,8,0,12,3,1,6,22,1
0,45,32,12,7,1,7,22,1,17,3,0,11,6,0
0,45,33,10,30,0,13,5,1,10,26,1,11,8,0
0,45,34,12,3,1,10,30,0,11,8,0,9,17,1
0,45,35,8,4,1,11,8,0,22,6,0,4,12,1
0,45,36,14,6,1,12,18,0,20,30,0,4,28,1
0,45,37,6,22,1,10,5,1,4,28,1,14,3,1
0,45,38,11,6,1,6,22,0,11,7,0,15,30,0
0,45,39,10,5,1,15,30,0,1,13,1,10,5,1
0,45,40,4,28,0,14,3,0,15,8,0,10,15,0
0,45,41,12,18,0,18,10,0,11,22,1,1,13,1
0,45,42,9,17,0,11,22,0,2,2,1,14,6,0
0,45,43,22,12,0,14,26,0,10,22,0,8,16,1
0,45,44,17,3,1,18,12,0,6,22,1,18,12,0
0,45,45,13,5,1,17,3,0,14,3,1,9,18,1
0,45,46,11,22,0,11,7,1,14,26,0,7,22,1
0,45,47,10,15,0,22,12,0,13,5,0,12,8,0
0,45,48,2,18,1,11,6,0,15,30,0,12,22,0
0,46,1,12,3,1,12,8,0,6,22,1,12,18,0
0,46,2,9,18,0,10,22,0,12,22,0,2,18,1
0,46,3,11,8,1,8,4,1,1,13,1,10,5,1
0,46,4,12,18,0,10,18,0,14,6,1,4,16,1
0,46,5,2,18,1,6,22,1,4,16,1,4,12,1
0,46,6,22,6,0,14,26,0,13,5,0,18,10,0
0,46,7,11,8,1,22,12,0,14,26,0,9,18,1
0,46,8,4,12,1,15,8,0,11,8,0,10,18,0
0,46,9,18,18,0,11,6,0,2,2,1,15,8,0
0,46,10,14,6,0,6,22,1,4,28,1,8,16,1
0,46,11,18,10,0,11,7,0,9,17,0,18,12,0
0,46,12,4,16,1,18,18,0,18,12,0,10,30,0
0,46,13,11,7,1,14,6,0,11,22,0,9,17,1
0,46,14,12,3,1,11,6,0,18,18,0,22,10,0
0,46,15,1,13,1,18,12,0,12,3,0,10,22,0
0,46,16,12,7,1,16,8,0,22,10,0,16,8,0
0,46,17,14,26,0,11,8,0,12,3,1,4,28,1
0,46,18,16,8,0,4,12,1,15,30,0,10,15,0
0,46,19,14,3,1,2,18,1,6,22,1,13,5,0
0,46,20,7,13,1,7,13,1,22,6,0,15,30,0
0,46,21,6,22,0,10,5,1,17,3,0,20,30,0
0,46,22,15,30,0,12,3,1,10,15,0,11,8,0
0,46,23,14,6,0,14,3,0,15,8,0,1,13,1
0,46,24,22,10,0,12,22,0,22,12,0,8,4,1
0,46,25,10,30,0,4,28,1,9,18,0,12,3,0
0,46,26,10,22,0,12,18,0,16,8,0,14,3,0
0,46,27,11,6,0,7,22,1,14,3,0,2,2,1
0,46,28,9,17,1,1,13,1,8,16,0,11,7,0
0,46,29,20,30,0,9,18,0,18,10,0,7,22,1
0,46,30,7,22,1,13,5,0,10,30,0,11,6,0
0,46,31,8,16,1,2,2,1,20,30,0,6,22,1
0,46,32,15,8,0,4,16,1,12,18,0,6,22,1
0,46,33,17,3,0,22,6,0,11,8,0,11,6,0
0,46,34,8,4,1,9,17,0,10,26,0,12,3,0
0,46,35,22,12,0,22,10,0,12,8,0,11,22,0
0,46,36,12,22,0,11,8,0,12,7,0,12,7,0
0,46,37,2,2,1,10,15,0,7,22,1,7,13,1
0,46,38,12,8,0,11,22,0,10,5,1,17,3,0
0,46,39,13,5,1,10,30,0,10,22,0,14,6,0
0,46,40,10,18,0,8,16,0,11,6,0,22,6,0
0,46,41,18,12,0,17,3,0,2,18,1,14,6,0
0,46,42,11,22,0,14,6,0,4,12,1,14,26,0
0,46,43,11,6,0,18,10,0,14,6,0,22,12,0
0,46,44,10,15,0,12,3,0,8,4,1,12,22,0
0,46,45,10,5,1,20,30,0,11,6,0,12,8,0
0,46,46,6,22,0,15,30,0,10,18,0,11,8,0
0,46,47,4,28,1,10,26,0,11,7,0,18,18,0
0,46,48,10,26,0,12,7,0,7,13,1,10,26,0
0,47,1,6,22,0,10,18,0,9,18,0,1,13,1
0,47,2,18,12,0,10,5,1,11,8,1,2,2,1
0,47,3,4,28,0,7,13,1,1,13,1,2,18,1
0,47,4,11,8,1,12,18,0,10,22,0,4,16,0
0,47,5,10,15,0,22,6,0,15,8,0,4,28,0
0,47,6,11,8,1,12,22,0,4,12,1,4,12,1
0,47,7,18,10,0,4,16,1,11,22,0,6,22,0
0,47,8,7,22,0,12,7,0,12,7,1,6,22,0
0,47,9,12,22,0,14,26,0,18,12,0,7,22,0
0,47,10,22,10,0,22,12,0,15,30,0,7,13,1
0,47,11,10,26,0,22,10,0,2,2,1,8,16,1
0,47,12,12,7,1,12,8,1,14,6,1,8,4,1
0,47,13,17,3,1,13,5,1,6,22,0,9,17,0
0,47,14,12,18,0,10,22,0,11,6,1,9,18,0
0,47,15,8,4,1,14,3,0,22,10,0,10,30,0
0,47,16,12,3,1,12,3,1,18,18,0,10,18,0
0,47,17,20,30,0,8,16,1,12,3,1,10,26,0
0,47,18,2,2,1,11,6,1,22,6,0,10,22,0
0,47,19,11,7,1,11,22,0,10,26,0,10,15,0
0,47,20,14,6,0,11,8,1,11,6,1,10,5,1
0,47,21,14,3,1,4,28,1,11,8,1,11,8,0
0,47,22,10,30,0,6,22,0,6,22,0,11,6,1
0,47,23,15,8,0,4,12,1,10,5,1,11,22,0
0,47,24,8,16,0,10,26,0,8,16,0,11,8,1
0,47,25,7,13,1,18,18,0,17,3,0,11,6,1
0,47,26,9,17,0,18,12,0,12,3,1,11,7,1
0,47,27,11,6,1,17,3,0,4,28,0,12,3,0
0,47,28,14,6,0,16,8,0,7,13,1,12,7,1
0,47,29,9,18,0,10,15,0,12,22,0,12,3,1
0,47,30,12,8,1,15,8,0,4,16,1,12,18,0
0,47,31,11,22,0,11,6,1,14,26,0,12,22,0
0,47,32,16,8,0,11,7,1,9,17,0,12,8,0
0,47,33,10,5,1,10,30,0,10,18,0,13,5,1
0,47,34,18,18,0,9,18,1,2,18,1,14,26,0
0,47,35,4,16,1,18,10,0,13,5,1,14,3,0
0,47,36,15,30,0,14,6,0,20,30,0,14,6,0
0,47,37,22,6,0,8,4,1,14,6,0,14,6,0
0,47,38,22,12,0,2,2,1,16,8,0,15,30,0
0,47,39,11,6,1,1,13,1,12,8,0,15,8,0
0,47,40,6,22,0,15,30,0,7,22,0,16,8,0
0,47,41,13,5,1,9,17,0,14,3,1,17,3,0
0,47,42,10,22,0,12,3,1,10,30,0,18,10,0
0,47,43,10,18,0,14,6,0,10,15,0,18,18,0
0,47,44,1,13,1,7,22,0,22,12,0,18,12,0
0,47,45,12,3,1,11,8,1,8,4,1,20,30,0
0,47,46,4,12,1,2,18,1,12,18,0,22,12,0
0,47,47,14,26,0,6,22,0,18,10,0,22,10,0
0,47,48,2,18,1,20,30,0,11,7,1,22,6,1
0,48,1,12,22,0,6,22,1,13,5,0,22,10,0
0,48,2,16,8,0,2,2,1,9,18,1,2,18,1
0,48,3,10,5,1,12,3,0,15,8,0,8,16,1
0,48,4,22,12,0,10,26,1,4,12,1,10,30,1
0,48,5,10,18,1,10,5,1,20,30,0,8,4,1
0,48,6,2,2,1,15,8,0,1,13,1,15,30,0
0,48,7,11,8,0,11,6,0,9,17,1,12,18,0
0,48,8,15,30,0,13,5,0,11,22,0,11,6,0
0,48,9,12,3,0,16,8,0,22,12,0,11,8,0
0,48,10,17,3,0,10,15,1,10,22,1,1,13,1
0,48,11,10,15,0,17,3,0,11,7,0,12,3,0
0,48,12,8,4,1,15,30,0,12,3,0,14,6,0
0,48,13,11,7,0,14,6,0,22,10,0,10,22,1
0,48,14,10,30,0,11,8,0,8,16,1,11,6,0
0,48,15,10,22,1,22,6,0,15,30,0,6,22,1
0,48,16,18,18,0,18,10,0,4,28,1,9,17,1
0,48,17,12,18,0,9,18,1,7,22,1,4,12,1
0,48,18,20,30,0,4,16,1,18,12,0,10,15,1
0,48,19,12,8,0,10,18,0,17,3,0,6,22,1
0,48,20,11,6,0,14,3,0,14,6,0,22,12,0
0,48,21,4,12,1,7,13,1,10,30,1,20,30,0
0,48,22,11,22,0,10,30,1,4,16,1,18,18,0
0,48,23,22,6,0,9,17,1,12,3,0,11,8,0
0,48,24,2,18,1,11,6,0,6,22,1,22,6,0
0,48,25,15,8,0,2,18,1,11,6,0,12,3,0
0,48,26,9,17,1,8,4,1,10,5,0,7,13,1
0,48,27,10,26,1,22,12,0,11,8,0,12,22,0
0,48,28,4,16,1,12,7,0,7,13,1,12,7,0
0,48,29,1,13,1,11,7,0,10,18,1,4,16,1
0,48,30,13,5,0,18,18,0,12,18,0,11,22,0
0,48,31,7,13,1,12,3,0,11,8,0,14,26,0
0,48,32,12,7,0,12,22,0,10,15,1,16,8,0
0,48,33,4,28,1,1,13,1,6,22,1,18,10,0
0,48,34,22,10,0,11,8,0,8,4,1,13,5,0
0,48,35,11,8,0,14,26,0,22,6,0,10,5,0
0,48,36,14,6,0,4,28,1,12,7,0,9,18,1
0,48,37,18,10,0,22,10,0,18,18,0,7,22,1
0,48,38,7,22,1,12,18,0,18,10,0,2,2,1
0,48,39,6,22,1,14,6,0,2,18,1,14,6,0
0,48,40,11,6,0,6,22,1,14,26,0,18,12,0
0,48,41,18,12,0,4,12,1,2,2,1,12,8,0
0,48,42,14,6,0,7,22,1,14,6,0,14,3,0
0,48,43,8,16,1,18,12,0,16,8,0,17,3,0
0,48,44,14,26,0,20,30,0,11,6,0,10,18,1
0,48,45,6,22,1,10,22,1,10,26,1,4,28,1
0,48,46,9,18,1,8,16,1,12,22,0,15,8,0
0,48,47,12,3,0,11,22,0,14,3,0,10,26,1
0,48,48,14,3,0,12,8,0,12,8,0,11,7,0
0,49,1,14,26,0,11,22,0,16,8,0,10,30,0
0,49,2,1,13,1,12,22,0,17,3,0,22,10,0
0,49,3,4,16,1,12,3,1,13,5,1,18,10,0
0,49,4,12,7,1,10,22,0,14,6,0,2,2,1
0,49,5,15,30,0,10,26,0,18,18,0,11,22,0
0,49,6,2,18,1,12,3,1,10,15,0,7,22,1
0,49,7,12,18,0,15,8,0,10,26,0,20,30,0
0,49,8,2,2,1,10,15,0,15,30,0,1,13,1
0,49,9,7,22,0,12,8,0,11,7,1,10,18,0
0,49,10,12,3,1,20,30,0,2,18,1,10,26,0
0,49,11,20,30,0,17,3,0,6,22,1,11,8,1
0,49,12,8,16,1,11,6,1,11,6,1,4,12,1
0,49,13,10,15,0,11,6,1,8,16,0,14,6,0
0,49,14,10,5,1,7,22,0,22,12,0,4,16,1
0,49,15,13,5,1,10,30,0,14,26,0,12,8,1
0,49,16,22,10,0,11,8,1,9,17,0,6,22,0
0,49,17,10,22,0,22,6,0,2,2,1,9,17,0
0,49,18,8,4,1,14,26,0,10,5,1,12,3,1
0,49,19,11,22,0,4,28,0,11,22,0,10,5,1
0,49,20,10,30,0,22,10,0,11,6,1,11,8,1
0,49,21,11,8,1,22,12,0,22,10,0,13,5,1
0,49,22,17,3,1,2,2,1,7,13,1,10,22,0
0,49,23,7,13,1,8,4,1,11,8,1,7,13,1
0,49,24,14,3,1,2,18,1,4,16,1,8,4,1
0,49,25,12,22,0,14,6,0,12,18,0,10,15,0
0,49,26,16,8,0,11,8,1,12,22,0,17,3,0
0,49,27,4,12,1,16,8,0,9,18,1,4,28,1
0,49,28,12,3,1,4,12,1,12,7,1,22,12,0
0,49,29,22,12,0,8,16,0,14,6,0,18,18,0
0,49,30,12,8,1,18,18,0,10,22,0,8,16,0
0,49,31,10,18,0,9,18,0,15,8,0,15,30,0
0,49,32,10,26,0,12,18,0,12,3,1,12,18,0
0,49,33,6,22,0,12,7,0,10,30,0,12,3,1
0,49,34,9,17,0,18,12,0,18,10,0,11,6,1
0,49,35,14,6,1,1,13,1,12,3,1,22,6,0
0,49,36,11,8,1,18,10,0,11,8,1,18,12,0
0,49,37,9,18,0,9,17,0,14,3,0,14,3,1
0,49,38,18,12,0,6,22,0,20,30,0,14,6,0
0,49,39,14,6,1,14,3,1,22,6,0,12,22,0
0,49,40,18,10,0,6,22,0,6,22,1,2,18,1
0,49,41,11,7,1,10,5,1,10,18,0,15,8,0
0,49,42,11,6,1,11,7,1,4,12,1,14,26,0
0,49,43,4,28,0,7,13,1,4,28,1,16,8,0
0,49,44,15,8,0,13,5,1,12,8,1,12,7,1
0,49,45,6,22,0,14,6,1,18,12,0,11,7,1
0,49,46,18,18,0,10,18,0,7,22,0,9,18,0
0,49,47,11,6,1,4,16,1,1,13,1,11,6,1
0,49,48,22,6,0,15,30,0,8,4,1,6,22,1
0,50,1,15,8,0,18,12,0,18,10,0,4,16,1
0,50,2,17,3,0,1,13,1,4,12,1,12,18,0
0,50,3,14,3,1,22,10,0,11,6,1,22,12,0
0,50,4,15,30,0,6,22,1,10,18,0,10,15,0
0,50,5,10,15,0,11,8,0,9,17,0,10,30,0
0,50,6,11,6,1,6,22,1,11,8,0,11,6,0
0,50,7,6,22,1,11,7,0,6,22,1,11,22,0
0,50,8,12,18,0,11,22,0,10,15,0,18,18,0
0,50,9,10,18,0,10,30,0,9,18,0,8,4,1
0,50,10,12,3,1,11,6,0,15,30,0,22,10,0
0,50,11,6,22,1,4,12,1,18,18,0,10,26,0
0,50,12,11,7,1,18,18,0,6,22,1,10,22,0
0,50,13,11,8,1,2,2,1,7,22,0,1,13,1
0,50,14,14,6,0,4,16,1,10,26,0,14,3,0
0,50,15,20,30,0,17,3,0,15,8,0,11,6,0
0,50,16,12,22,0,10,26,0,22,10,0,7,22,1
0,50,17,12,8,0,12,7,0,17,3,0,12,3,1
0,50,18,10,5,1,20,30,0,10,30,0,11,8,0
0,50,19,14,6,1,4,28,1,22,6,0,2,2,1
0,50,20,7,13,1,13,5,0,14,26,0,12,3,1
0,50,21,12,3,1,16,8,0,14,3,0,10,18,0
0,50,22,22,10,0,8,4,1,14,6,0,14,26,0
0,50,23,16,8,0,8,16,1,10,22,0,22,6,0
0,50,24,14,26,0,2,18,1,12,3,0,4,12,1
0,50,25,13,5,0,15,30,0,2,2,1,6,22,1
0,50,26,1,13,1,22,12,0,11,8,0,12,22,0
0,50,27,18,10,0,12,3,1,7,13,1,20,30,0
0,50,28,4,12,1,12,3,0,20,30,0,11,7,0
0,50,29,7,22,0,11,6,0,12,7,0,15,8,0
0,50,30,11,22,0,12,18,0,11,7,0,9,18,1
0,50,31,4,16,1,10,22,0,22,12,0,7,13,1
0,50,32,9,18,0,15,8,0,10,5,0,15,30,0
0,50,33,4,28,0,7,13,1,4,28,1,8,16,1
0,50,34,11,6,1,14,3,0,11,6,1,9,17,1
0,50,35,8,4,1,14,6,0,12,22,0,18,12,0
0,50,36,8,16,0,12,22,0,2,18,1,2,18,1
0,50,37,9,17,0,10,18,0,14,6,0,18,10,0
0,50,38,11,8,1,12,8,0,16,8,0,11,8,0
0,50,39,22,6,0,9,17,0,12,18,0,10,5,1
0,50,40,10,30,0,18,10,0,18,12,0,4,28,1
0,50,41,18,12,0,7,22,0,1,13,1,13,5,0
0,50,42,12,7,0,22,6,0,8,16,1,12,8,0
0,50,43,10,26,0,9,18,0,12,3,0,14,6,0
0,50,44,22,12,0,10,5,1,4,16,1,14,6,0
0,50,45,18,18,0,11,8,1,8,4,1,16,8,0
0,50,46,2,18,1,14,26,0,12,8,0,6,22,1
0,50,47,2,2,1,14,6,0,11,22,0,12,7,0
0,50,48,10,22,0,10,15,0,13,5,1,17,3,0
0,51,1,13,5,0,1,13,1,10,26,0,18,18,0
0,51,2,10,5,1,17,3,0,18,12,0,7,13,1
0,51,3,14,6,0,10,5,1,20,30,0,15,8,0
0,51,4,10,30,0,11,6,1,12,3,1,4,28,0
0,51,5,9,18,0,22,12,0,12,3,1,14,6,0
0,51,6,17,3,0,4,12,1,14,26,0,10,26,0
0,51,7,14,3,0,10,15,0,7,13,1,10,15,0
0,51,8,10,18,0,11,8,1,15,8,0,6,22,0
0,51,9,10,15,0,11,6,0,22,12,0,16,8,0
0,51,10,22,12,0,4,16,1,13,5,0,18,10,0
0,51,11,11,6,1,22,6,0,14,6,0,22,12,0
0,51,12,12,7,0,15,30,0,10,15,0,12,18,0
0,51,13,11,7,1,12,3,1,10,18,0,2,18,1
0,51,14,8,16,1,12,7,0,11,8,0,8,4,1
0,51,15,12,3,1,20,30,0,6,22,1,12,8,0
0,51,16,8,4,1,7,22,0,12,18,0,10,18,0
0,51,17,12,3,1,7,13,1,18,10,0,2,2,1
0,51,18,18,12,0,10,18,0,4,16,1,11,6,1
0,51,19,6,22,1,8,16,0,14,6,0,15,30,0
0,51,20,11,8,1,14,6,0,1,13,1,10,5,1
0,51,21,15,30,0,22,10,0,8,4,1,11,7,0
0,51,22,2,2,1,9,17,0,10,5,1,20,30,0
0,51,23,12,8,0,6,22,0,22,10,0,4,16,1
0,51,24,18,18,0,10,30,0,2,18,1,8,16,1
0,51,25,16,8,0,9,18,0,17,3,0,10,22,0
0,51,26,15,8,0,11,7,1,22,6,0,14,3,0
0,51,27,4,28,0,12,3,1,11,7,1,1,13,1
0,51,28,12,22,0,2,2,1,4,12,1,14,26,0
0,51,29,7,13,1,18,10,0,11,6,1,13,5,0
0,51,30,14,6,0,6,22,0,7,22,0,12,7,0
0,51,31,18,10,0,10,26,0,12,22,0,22,6,0
0,51,32,11,8,1,14,26,0,14,3,1,12,22,0
0,51,33,4,12,1,8,4,1,10,22,0,14,6,0
0,51,34,22,6,0,15,8,0,15,30,0,22,10,0
0,51,35,11,22,0,2,18,1,10,30,0,4,12,1
0,51,36,2,18,1,12,22,0,12,7,0,9,18,1
0,51,37,4,16,1,14,6,0,9,17,0,9,17,0
0,51,38,20,30,0,12,18,0,11,8,0,10,30,0
0,51,39,6,22,0,13,5,0,11,6,1,12,3,1
0,51,40,1,13,1,10,22,0,18,18,0,7,22,0
0,51,41,9,17,0,16,8,0,6,22,0,12,3,1
0,51,42,14,26,0,4,28,0,9,18,0,11,6,0
0,51,43,10,22,0,12,8,0,2,2,1,18,12,0
0,51,44,22,10,0,18,12,0,4,28,0,17,3,0
0,51,45,7,22,0,11,8,0,16,8,0,6,22,1
0,51,46,10,26,0,14,3,0,11,22,0,11,8,0
0,51,47,12,18,0,11,22,0,12,8,0,11,22,0
0,51,48,11,6,1,18,18,0,8,16,1,11,8,0
0,52,1,9,17,1,11,22,1,15,8,1,10,15,1
0,52,2,7,22,1,8,4,1,12,3,1,2,2,1
0,52,3,8,16,1,18,12,0,12,22,1,12,8,1
0,52,4,11,6,1,4,12,1,18,10,1,12,18,1
0,52,5,14,6,1,14,6,1,17,3,1,11,6,1
0,52,6,12,3,1,10,18,0,8,16,1,7,13,1
0,52,7,11,8,1,16,8,1,22,12,1,10,22,1
0,52,8,10,18,0,17,3,1,10,22,1,12,7,1
0,52,9,11,6,1,22,6,1,2,18,1,12,3,1
0,52,10,15,30,0,18,18,0,15,30,1,4,16,1
0,52,11,10,26,0,12,3,1,16,8,1,11,8,1
0,52,12,14,26,0,22,12,0,1,13,1,18,10,0
0,52,13,10,30,0,20,30,0,12,8,1,17,3,1
0,52,14,12,7,1,12,7,1,10,5,1,12,3,1
0,52,15,10,5,1,12,18,0,11,7,1,18,12,0
0,52,16,22,10,0,11,6,1,11,8,1,11,6,1
0,52,17,22,6,1,2,18,1,11,8,1,16,8,1
0,52,18,14,3,1,22,10,0,10,26,1,22,12,0
0,52,19,18,10,0,1,13,1,22,10,1,20,30,0
0,52,20,11,8,1,4,28,1,22,6,1,12,22,1
0,52,21,4,16,1,10,26,0,11,6,1,15,8,1
0,52,22,1,13,1,14,6,1,14,6,1,8,16,1
0,52,23,8,4,1,7,22,1,8,4,1,6,22,1
0,52,24,10,15,0,7,13,1,13,5,1,1,13,1
0,52,25,12,18,0,10,30,1,6,22,1,9,17,1
0,52,26,16,8,1,14,26,1,10,30,1,11,7,1
0,52,27,10,22,0,11,6,1,9,18,1,10,30,1
0,52,28,18,12,0,4,16,1,10,18,1,14,6,1
0,52,29,14,6,1,10,22,1,4,16,1,4,12,1
0,52,30,6,22,1,6,22,1,7,22,1,9,18,1
0,52,31,7,13,1,11,8,1,20,30,1,22,6,1
0,52,32,4,12,1,9,17,1,11,6,1,4,28,1
0,52,33,2,2,1,12,22,0,12,18,1,7,22,1
0,52,34,6,22,1,15,8,1,14,6,1,14,26,1
0,52,35,11,7,1,12,3,1,18,12,1,13,5,1
0,52,36,13,5,1,9,18,1,14,3,1,8,4,1
0,52,37,15,8,1,11,7,1,11,22,1,14,3,1
0,52,38,9,18,1,2,2,1,12,7,1,18,18,0
0,52,39,11,22,0,18,10,0,7,13,1,11,22,1
0,52,40,18,18,0,14,3,1,10,15,1,15,30,0
0,52,41,2,18,1,13,5,1,18,18,0,10,18,1
0,52,42,12,3,1,12,8,1,6,22,1,2,18,1
0,52,43,20,30,0,10,5,1,12,3,1,22,10,0
0,52,44,17,3,1,8,16,1,14,26,1,14,6,1
0,52,45,12,22,0,10,15,1,4,28,1,10,26,1
0,52,46,4,28,1,6,22,1,2,2,1,11,8,1
0,52,47,12,8,1,15,30,0,4,12,1,10,5,1
0,52,48,22,12,0,11,8,1,9,17,1,6,22,1
0,53,1,15,8,0,22,10,0,11,8,0,4,16,1
0,53,2,17,3,1,18,12,0,12,7,1,12,3,1
0,53,3,10,26,0,12,18,0,14,3,1,14,3,0
0,53,4,12,3,1,12,7,0,9,18,1,8,16,1
0,53,5,10,22,0,14,6,0,11,6,1,4,28,1
0,53,6,18,12,0,6,22,0,13,5,1,14,26,0
0,53,7,14,3,1,12,22,0,14,6,1,15,8,0
0,53,8,22,10,0,6,22,1,4,28,1,9,18,0
0,53,9,12,22,0,12,8,0,12,3,1,10,18,0
0,53,10,10,18,0,8,4,1,22,12,0,6,22,1
0,53,11,4,12,1,22,6,0,10,15,0,2,2,1
0,53,12,12,18,0,14,3,1,14,6,0,22,10,0
0,53,13,12,3,1,10,22,0,4,12,1,11,7,0
0,53,14,18,10,0,11,6,1,17,3,0,14,6,0
0,53,15,2,18,1,2,2,1,10,22,0,22,12,0
0,53,16,11,22,0,11,8,1,15,30,0,20,30,0
0,53,17,7,22,0,14,26,0,18,10,0,12,3,1
0,53,18,4,16,1,11,22,0,18,12,0,6,22,1
0,53,19,16,8,0,10,5,1,12,22,0,11,8,0
0,53,20,22,12,0,15,30,0,10,5,1,11,6,1
0,53,21,10,30,0,20,30,0,20,30,0,14,6,1
0,53,22,20,30,0,8,16,1,8,16,1,12,7,0
0,53,23,14,6,1,22,12,0,7,13,1,9,17,1
0,53,24,12,7,1,4,16,1,10,18,0,12,18,0
0,53,25,4,28,0,7,13,1,14,26,0,12,22,0
0,53,26,11,7,0,9,18,0,11,8,0,4,12,1
0,53,27,11,6,1,9,17,0,2,18,1,16,8,0
0,53,28,14,26,0,4,12,1,6,22,1,13,5,1
0,53,29,11,8,1,11,6,0,11,7,1,10,26,1
0,53,30,11,6,1,10,30,0,2,2,1,18,12,0
0,53,31,18,18,0,15,8,0,12,8,1,18,10,0
0,53,32,10,5,1,2,18,1,10,26,0,7,13,1
0,53,33,6,22,0,18,10,0,9,17,0,11,22,0
0,53,34,7,13,1,10,15,0,16,8,0,17,3,1
0,53,35,9,18,1,11,7,1,6,22,1,15,30,0
0,53,36,8,4,1,14,6,0,12,3,1,1,13,1
0,53,37,10,15,0,10,18,0,11,22,0,10,30,0
0,53,38,22,6,0,1,13,1,8,4,1,10,15,0
0,53,39,8,16,0,18,18,0,15,8,0,10,5,1
0,53,40,9,17,0,10,26,0,12,18,0,8,4,1
0,53,41,13,5,1,17,3,0,4,16,1,11,6,0
0,53,42,2,2,1,7,22,0,11,6,1,22,6,0
0,53,43,12,8,1,16,8,0,22,6,0,18,18,0
0,53,44,14,6,0,11,8,1,10,30,0,10,22,0
0,53,45,15,30,0,4,28,1,18,18,0,2,18,1
0,53,46,11,8,1,13,5,1,22,10,0,12,8,0
0,53,47,1,13,1,12,3,1,1,13,1,11,8,1
0,53,48,6,22,0,12,3,1,7,22,0,7,22,1
